,title,value,level,parent
0,nitrous oxide,,1,
1,nitrous oxide gas,100.0,2,nitrous oxide
2,what is nitrous oxide,81.0,2,nitrous oxide
3,nangs,76.0,2,nitrous oxide
4,nitrous oxide effects,60.0,2,nitrous oxide
5,nitrous oxide australia,60.0,2,nitrous oxide
6,nitrogen oxide,42.0,2,nitrous oxide
7,nitric oxide,34.0,2,nitrous oxide
8,nitrous dioxide,33.0,2,nitrous oxide
9,nos,31.0,2,nitrous oxide
10,nang,30.0,2,nitrous oxide
11,methane,29.0,2,nitrous oxide
12,nitrous oxide canisters,27.0,2,nitrous oxide
13,nitrous oxide whipped cream,26.0,2,nitrous oxide
14,nitrous oxide formula,26.0,2,nitrous oxide
15,nitrous oxide car,25.0,2,nitrous oxide
16,nitrous oxide for sale,23.0,2,nitrous oxide
17,carbon dioxide,21.0,2,nitrous oxide
18,effects of nitrous oxide,21.0,2,nitrous oxide
19,cream chargers,20.0,2,nitrous oxide
20,nitrous oxide side effects,19.0,2,nitrous oxide
21,nitrous oxide canister,19.0,2,nitrous oxide
22,co2,19.0,2,nitrous oxide
23,what does nitrous oxide do,18.0,2,nitrous oxide
24,nitrous oxide sedation,18.0,2,nitrous oxide
25,laughing gas,18.0,2,nitrous oxide
27,nitrous oxide greenhouse gas,99.0,3,nitrous oxide gas
28,is nitrous oxide a greenhouse gas,48.0,3,nitrous oxide gas
29,what is nitrous oxide used for,100.0,3,what is nitrous oxide
30,where does nitrous oxide come from,40.0,3,what is nitrous oxide
31,nangs delivery,100.0,3,nangs
32,nangs melbourne,80.0,3,nangs
33,what are nangs,57.0,3,nangs
34,nangs buy,57.0,3,nangs
36,nangs meaning,39.0,3,nangs
37,nangs near me,37.0,3,nangs
39,nangs drug,34.0,3,nangs
41,what is nangs,32.0,3,nangs
42,melbourne nangs delivery,32.0,3,nangs
43,what do nangs do,29.0,3,nangs
44,nangs effects,23.0,3,nangs
45,nangs australia,20.0,3,nangs
46,where to buy nangs,17.0,3,nangs
47,nangs illegal,17.0,3,nangs
48,nangs sydney,17.0,3,nangs
49,how to do nangs,17.0,3,nangs
50,nang delivery,17.0,3,nangs
51,nags,16.0,3,nangs
52,nangs delivery near me,16.0,3,nangs
53,nangs buy melbourne,15.0,3,nangs
54,nangs perth,14.0,3,nangs
55,best nangs,13.0,3,nangs
59,nitrogen oxide formula,100.0,3,nitrogen oxide
61,nitrogen dioxide,82.0,3,nitrogen oxide
62,nitrogen gas,69.0,3,nitrogen oxide
63,nitrogen oxide gas,61.0,3,nitrogen oxide
65,copper oxide,31.0,3,nitrogen oxide
66,nitrogen monoxide,28.0,3,nitrogen oxide
67,aluminium oxide,25.0,3,nitrogen oxide
68,nitrogen dioxide formula,22.0,3,nitrogen oxide
69,magnesium oxide,22.0,3,nitrogen oxide
70,ammonia,21.0,3,nitrogen oxide
71,periodic table,18.0,3,nitrogen oxide
72,sulfur dioxide,15.0,3,nitrogen oxide
73,nitric acid,11.0,3,nitrogen oxide
74,nitrogen oxide effects,11.0,3,nitrogen oxide
75,iron oxide,9.0,3,nitrogen oxide
76,is nitrogen oxide a greenhouse gas,8.0,3,nitrogen oxide
77,nitrogen trioxide,8.0,3,nitrogen oxide
78,tell me the formula for nitrogen oxide,8.0,3,nitrogen oxide
79,no3,6.0,3,nitrogen oxide
80,carbon tetrachloride,5.0,3,nitrogen oxide
82,nitric oxide supplement,76.0,3,nitric oxide
83,nitric oxide formula,60.0,3,nitric oxide
84,what is nitric oxide,55.0,3,nitric oxide
85,nitric oxide supplements,52.0,3,nitric oxide
87,nitric oxide foods,47.0,3,nitric oxide
88,no,34.0,3,nitric oxide
89,carbonate,29.0,3,nitric oxide
90,calcium oxide,29.0,3,nitric oxide
93,nitric oxide function,25.0,3,nitric oxide
94,nitric acid formula,24.0,3,nitric oxide
95,nitric oxide chemist warehouse,24.0,3,nitric oxide
96,nitric oxide benefits,23.0,3,nitric oxide
98,nitric oxide synthase,21.0,3,nitric oxide
99,sulfuric acid,20.0,3,nitric oxide
100,potassium oxide,19.0,3,nitric oxide
101,hydrochloric acid,17.0,3,nitric oxide
102,sodium hydroxide,16.0,3,nitric oxide
103,zinc oxide,15.0,3,nitric oxide
104,nitric oxide dump,15.0,3,nitric oxide
105,best nitric oxide supplement,15.0,3,nitric oxide
111,nitrous acid,16.0,3,nitrous dioxide
113,no nos,100.0,3,nos
114,liga nos,95.0,3,nos
115,nos meaning,58.0,3,nos
116,what is nos,54.0,3,nos
117,nos nieuws,48.0,3,nos
118,nos parts,46.0,3,nos
119,nos nitrous,43.0,3,nos
120,nos news,40.0,3,nos
121,nos car,37.0,3,nos
122,nos da,35.0,3,nos
123,nos kit,35.0,3,nos
124,nos bottle,27.0,3,nos
125,covid nos today,21.0,3,nos
127,nos vemos,20.0,3,nos
128,nos drink,19.0,3,nos
129,pdd nos,17.0,3,nos
130,nos journaal,17.0,3,nos
131,nps,16.0,3,nos
132,nos energy drink,15.0,3,nos
133,nos gas,14.0,3,nos
134,what does nos mean,14.0,3,nos
135,fast and furious,13.0,3,nos
136,nos system,13.0,3,nos
137,nos fast and furious,12.0,3,nos
138,da nang,100.0,3,nang
140,vietnam,23.0,3,nang
141,da nang vietnam,22.0,3,nang
142,ning nang,21.0,3,nang
143,ning nang nong,20.0,3,nang
144,ao nang,15.0,3,nang
145,nang an,13.0,3,nang
146,nang cracker,13.0,3,nang
148,what is nang,11.0,3,nang
149,nang city,10.0,3,nang
150,hoi an,9.0,3,nang
151,nang sydney,8.0,3,nang
152,what is a nang,8.0,3,nang
153,melbourne nang delivery,8.0,3,nang
154,the ning nang nong,7.0,3,nang
155,nang meaning,7.0,3,nang
156,hanoi,6.0,3,nang
157,ao nang beach,5.0,3,nang
158,danang,5.0,3,nang
159,da nang to hoi an,5.0,3,nang
160,da nang weather,5.0,3,nang
161,ning nang nong song,5.0,3,nang
162,ao nang krabi,5.0,3,nang
163,methane gas,100.0,3,methane
164,what is methane,75.0,3,methane
165,methane formula,43.0,3,methane
166,water,40.0,3,methane
167,hydrogen,35.0,3,methane
169,methane combustion,31.0,3,methane
170,combustion,30.0,3,methane
171,methane cows,25.0,3,methane
172,oxygen,23.0,3,methane
173,methane emissions,23.0,3,methane
174,combustion of methane,23.0,3,methane
175,what is methane gas,19.0,3,methane
178,ethane,16.0,3,methane
179,methane meaning,15.0,3,methane
180,formula of methane,14.0,3,methane
181,methane molecule,14.0,3,methane
182,methane chemical formula,14.0,3,methane
183,propane,14.0,3,methane
184,methane greenhouse gas,13.0,3,methane
185,mr methane,12.0,3,methane
186,natural gas,12.0,3,methane
187,methane combustion equation,12.0,3,methane
188,nitrous oxide canisters for sale,100.0,3,nitrous oxide canisters
195,nitrous oxide use,39.0,2,nitrous oxide
196,nitrous oxide buy,36.0,2,nitrous oxide
205,nitrous oxide laughing gas,20.0,2,nitrous oxide
209,nitrous oxide flammable,18.0,2,nitrous oxide
210,nitrous oxide dentist,18.0,2,nitrous oxide
211,nitrous oxide emissions,17.0,2,nitrous oxide
217,nitrous oxide effects on brain,8.0,3,nitrous oxide effects
224,nangs delivery melbourne,33.0,3,nangs
226,nangs cream chargers,29.0,3,nangs
241,all night nangs,11.0,3,nangs
250,increase nitric oxide,51.0,3,nitric oxide
253,nitric oxide gas,35.0,3,nitric oxide
256,beetroot nitric oxide,23.0,3,nitric oxide
260,nitric oxide nasal spray,19.0,3,nitric oxide
262,l arginine,17.0,3,nitric oxide
263,nitric oxide booster,16.0,3,nitric oxide
266,nitric oxide side effects,13.0,3,nitric oxide
268,inhaled nitric oxide,12.0,3,nitric oxide
273,nitrate,34.0,3,nitrogen oxide
280,liquid nitrogen,14.0,3,nitrogen oxide
281,tell me the formula for sodium hypobromite,10.0,3,nitrogen oxide
282,tell me the formula for sodium hydride,8.0,3,nitrogen oxide
300,global warming,11.0,3,methane
301,climate change,11.0,3,methane
304,burning methane,9.0,3,methane
306,methane sibo,9.0,3,methane
307,greenhouse gases,8.0,3,methane
308,formula for methane,8.0,3,methane
309,side effects of nitrous oxide,100.0,3,nitrous oxide side effects
310,whipped cream chargers,100.0,3,nitrous oxide whipped cream
312,whipped cream dispenser,64.0,3,nitrous oxide whipped cream
319,nitrogen,46.0,2,nitrous oxide
325,buy nitrous oxide,24.0,2,nitrous oxide
330,nitrous oxide dental,21.0,2,nitrous oxide
338,no2,15.0,2,nitrous oxide
343,what is nitrous oxide made of,34.0,3,what is nitrous oxide
363,buy nangs,52.0,3,nangs
373,nitrous oxide nangs,35.0,3,nangs
375,nangs side effects,23.0,3,nangs
383,buy nitrous oxide canisters,100.0,3,nitrous oxide canisters
384,what is nitrogen,100.0,3,nitrogen
386,carbon,51.0,3,nitrogen
388,nitrogen cycle,44.0,3,nitrogen
390,nitrogen fertilizer,32.0,3,nitrogen
393,nitrogen formula,26.0,3,nitrogen
394,nitrogen periodic table,24.0,3,nitrogen
397,nitrogen mass,22.0,3,nitrogen
398,the nitrogen cycle,22.0,3,nitrogen
399,phosphorus,20.0,3,nitrogen
400,nitrogen electrons,18.0,3,nitrogen
401,nitrogen element,17.0,3,nitrogen
402,nitrogen fertiliser,17.0,3,nitrogen
403,nitrogen in soil,16.0,3,nitrogen
405,atmosphere,16.0,3,nitrogen
406,sodium,15.0,3,nitrogen
407,potassium,15.0,3,nitrogen
408,mass of nitrogen,15.0,3,nitrogen
420,sodium oxide,32.0,3,nitric oxide
428,nitric oxide spray,22.0,3,nitric oxide
434,how to increase nitric oxide,15.0,3,nitric oxide
443,cows methane,27.0,3,methane
453,cattle methane,15.0,3,methane
454,methane in atmosphere,15.0,3,methane
456,methane structure,14.0,3,methane
460,nitrous oxide chemical formula,100.0,3,nitrous oxide formula
461,chemical formula for nitrous oxide,33.0,3,nitrous oxide formula
462,what is carbon dioxide,100.0,3,carbon dioxide
463,what is carbon,99.0,3,carbon dioxide
465,carbon dioxide gas,36.0,3,carbon dioxide
466,oxygen and carbon dioxide,30.0,3,carbon dioxide
469,carbon dioxide and water,19.0,3,carbon dioxide
470,carbon dioxide formula,19.0,3,carbon dioxide
471,carbon dioxide in blood,19.0,3,carbon dioxide
472,carbon dioxide in atmosphere,18.0,3,carbon dioxide
473,what does carbon dioxide do,18.0,3,carbon dioxide
474,carbon dioxide in the atmosphere,16.0,3,carbon dioxide
475,is carbon dioxide a gas,15.0,3,carbon dioxide
476,carbon monoxide,15.0,3,carbon dioxide
477,carbon dioxide meaning,14.0,3,carbon dioxide
479,is co2 carbon dioxide,14.0,3,carbon dioxide
480,photosynthesis,14.0,3,carbon dioxide
481,carbon dioxide emissions,14.0,3,carbon dioxide
482,carbon dioxide extinguisher,13.0,3,carbon dioxide
483,respiration,12.0,3,carbon dioxide
487,where to buy nitrous oxide,100.0,3,buy nitrous oxide
490,nitrous gas,100.0,2,nitrous oxide
500,nitrous oxide poisoning,29.0,2,nitrous oxide
502,nitrous oxide drug,27.0,2,nitrous oxide
516,what is the greenhouse effect,26.0,3,what is nitrous oxide
517,what is laughing gas,23.0,3,what is nitrous oxide
526,is methane a greenhouse gas,5.0,3,nitrous gas
548,melbourne nangs,42.0,3,nangs
558,nangs brisbane,23.0,3,nangs
561,whats nangs,17.0,3,nangs
564,nangs addiction,15.0,3,nangs
566,nitrous oxide medical use,100.0,3,nitrous oxide use
578,nitrate oxide,27.0,3,nitric oxide
579,no nitric oxide,26.0,3,nitric oxide
586,nitric oxide blood pressure,16.0,3,nitric oxide
587,what does nitric oxide do,16.0,3,nitric oxide
589,nitric oxide boost,13.0,3,nitric oxide
590,citrulline,13.0,3,nitric oxide
591,nitric oxide test,13.0,3,nitric oxide
605,is methane a gas,22.0,3,methane
607,methane production,20.0,3,methane
615,cow methane,14.0,3,methane
635,nitrogen monoxide formula,16.0,3,nitrogen oxide
638,nitrogen oxide symbol,13.0,3,nitrogen oxide
662,nitrogen meaning,16.0,3,nitrogen
663,what does nitrogen do,16.0,3,nitrogen
666,nitrogen for plants,15.0,3,nitrogen
688,n2o,13.0,2,nitrous oxide
689,nitrous oxide tank,12.0,2,nitrous oxide
696,how is nitrous oxide produced,17.0,3,what is nitrous oxide
697,is nitrogen a greenhouse gas,1.0,3,what is nitrous oxide
698,how is carbon dioxide produced,1.0,3,what is nitrous oxide
703,is nitrous oxide laughing gas,33.0,3,nitrous oxide gas
705,happy gas,10.0,3,nitrous oxide gas
710,nitrous oxide side effects long-term,9.0,3,nitrous oxide effects
733,nanga,15.0,3,nangs
735,nangs delivery brisbane,13.0,3,nangs
747,oxide formula,23.0,3,nitric oxide
756,nitric oxide food,16.0,3,nitric oxide
757,nitric oxide lozenges,14.0,3,nitric oxide
761,best nitric oxide supplements,13.0,3,nitric oxide
785,what does methane do,13.0,3,methane
