,Search term,page,Site title,Web snippet,URL
0,nangs delivery near me,0,Nangs Delivery Sydney | 30 Min VIP Delivery | Real â€¦,"WEBMr Nangs is Sydney's fastest nangs delivery and cream chargers store, with over 60+ five star reviews. Free delivery across Sydney in under 30 minutes & open 24 hours.",https://www.mrnangs.com.au/
1,nangs delivery near me,0,Buy Nangs In Sydney (NSW) | Nangs Delivered - Nangs,WEBBuy Nangs in Sydney. We sell and delivery whip cream chargers. Sydneyâ€™s best Nangs delivery service! Buy Whipped Cream Chargers and get them delivered Quickly. â€¦,https://nangs.net.au/aus/NSW/Sydney
2,nangs delivery near me,0,Nang Delivery Sydney & Melbourne | Nangs 24 Hour â€¦,WEBFind the top nangs in Melbourne and Sydney with Ignitenang! We provide cream chargers and nangs 24 hour delivery service. Get the ultimate whipped cream experience.,https://ignitenang.com/
3,nangs delivery near me,0,Nangs | The Best Nang Delivery & Nangs Delivery â€¦,WEBAustralia's leading nangs delivery service. Get fast nang delivery. Browse our range of cream whipping products online.,https://nangs.net.au/
4,nangs delivery near me,0,Reliable & Fastest Nangs Delivery Sydney | Mr. Nangs Sydney,WEBExperience the most reliable and fastest nangs delivery in Sydney with Mr. Nangs. Trust Mr. Nangs for all your nangs needs in Sydney and enjoy peace of mind knowing you'll â€¦,https://www.mrnangs.com.au/delivery
5,nangs delivery near me,0,Nangs Delivery Sydney $70 $3.3L Open 24/7,"WEBFast, reliable Nangs delivery in Sydney, 24/7! Get whipped cream chargers delivered to your door. Order now for quick service.",https://nangsdelivery.com/sydney/
6,nangs delivery near me,0,Nangs Delivery Sydney | Cream Chargers Open 24/7 | 15-30 MIN,"WEBNANGTANK is Sydneyâ€™s top choice for nangs delivery 24/7. Free delivery of whipper, cream chargers, and tanks within 30 mins. We can beat any competitorâ€™s price.",https://nangtank.com/
7,nangs delivery near me,0,Nangs Delivery Sydney | Fastest Delivery 24/7 | 3.3L â€¦,"WEBNeed nangs in Sydney ASAP? We are trusted Nangs Delivery provider in Sydney. Get n20 canisters, cream chargers, tanks delivered across Sydney in 15-40 Mins.",https://nangsydney.com/
8,nangs delivery near me,0,Nangs Delivery | Cream Chargers | Quick 24/7 â€¦,"WEBCream Chargers, Nangs Delivery and Cream Canisters in Sydney, shop at Quicknangs. We have it all ready to be delivered to you, with a simple, safe & secure check out process.",https://www.quicknangs.com.au/
9,nangs delivery near me,0,Sydney - Nangs & Cream Chargers Delivery - shop NangWizard,WEBSwift Sydney Nang Delivery â€“ Experience the thrill of nangs delivered to your doorstep in no time with express postage. No more waiting â€“ we match the pace of your cravings.,https://www.nangwizard.net/nangs-delivery-sydney/
10,nangs delivery near me,1,Nangs Sydney | 24/7 delivery in 30 mins | Nangs near â€¦,WEBSydney's fastest nangs delivery and cream chargers supplier. Average delivery in 20 minutes & open 24 hours. We will price beat any competitors for nang delivery.,https://nangsman.com/store/
11,nangs delivery near me,1,Buy Nangs Sydney Northern Suburbs NSW | Nangs Delivered!,WEBSydney Northern Suburbsâ€™s best Nangs delivery service! Purchase Whipped Cream Chargers and get them delivered Quickly. Express Delivery Sydney Northern Suburbs â€¦,https://nangs.net.au/aus/nsw/sydney/northern
12,nangs delivery near me,1,Nangs Delivery Sydney | Buy Nangs Online 24/7 | Fast Service,"WEBVisit our website, pick your selected product, and place your order today! Buy Nangs online in Sydney with 24/7 fast Nangs delivery service. From cream chargers, tanks to â€¦",https://nang-delivery.com.au/
13,nangs delivery near me,1,Nangs Delivery Sydney $70 $3.3L Open 24/7,"WEBGet fast and reliable Nangs delivery Sydney, available 24/7! Enjoy whipped cream chargers delivered straight to your door whenever you need them. Order now for quick â€¦",https://sydney.nangsdelivery.com/
14,nangs delivery near me,1,Nangs Delivery Sydney: Fast & Reliable Service | Shop Now,"WEBExplore our Nangs delivery service in Sydney, available 24/7. Enjoy fast and reliable delivery of high-quality N2O products right to your doorstep. Shop now and experience â€¦",https://sydney.nangsdelivery.com/__trashed-2/
15,nangs delivery near me,1,Nang Delivery Sydney NSW - Best Nangs Delivery Melbourne,WEBNang Delivery Sydney NSW | Get Nangs Delivered Fast (NEXT DAY)! Sydneyâ€™s top Nang delivery service! Purchase Cream Chargers and get them delivered Quickly. Express â€¦,https://bestnangs.com.au/nang-delivery/NSW/Sydney
16,nangs delivery near me,1,Nang Delivery Sydney | 3.3L tank for $100 | Nangs near me | 24/7,"WEBWith an average delivery time of just 20 minutes in Sydney, NangsMan sets the standard for swift and efficient service, ensuring your nangs are delivered promptly when you â€¦",https://nangsman.com/
17,melbourne nang delivery,0,"Nang Delivery Melbourne, Cream Chargers (Super Fast)","NangWizard is Melbourneâ€™s fastest nang delivery service, with over 90+ five star reviews from happy customers. Order online with the Wizard today!",https://www.nangwizard.net/
18,melbourne nang delivery,0,,Get Fastest Nang Delivery Melbourne with premium cream chargers from NangStuff. Enjoy quick and reliable Nangs Delivery in 25 Minutes.,https://nangstuff.com.au/
19,melbourne nang delivery,0,"Nang Delivery Melbourne, Cream Chargers â€“ Fastest & Most â€¦","King Whip offers the fastest nang delivery in Melbourne, top-quality cream chargers, and has earned over 200 five-star reviews from satisfied customers.",https://kingwhip.com.au/
20,melbourne nang delivery,0,Nang Delivery Melbourne 24/7 | Premium Cream Chargers,Your Ultimate Destination for Seamless Nangs Delivery in Melbourne! Elevate Your Desserts with NangDeliveryâ€™s Premium Whipped Cream Chargers. Order Now and experience the most â€¦,https://nangdelivery.com.au/
21,melbourne nang delivery,0,Nang Delivery Melbourne: Cream Chargers Fastest Delivery,"Nangsta is Melbourne's top nang delivery service! Fast and cheap! Cream chargers, Whippers & Nang Tanks. Open 24 hours. Order Now!",https://nangsta.com.au/
22,melbourne nang delivery,0,Nangs Delivery - Reliable & Fastest Nang Delivery in â€¦,Mr. Nang offers Melbourneâ€™s fastest nang delivery serviceâ€”trusted and reliable. Need quick delivery near you? Call us today for the most dependable service!,https://mrnang.com.au/
23,melbourne nang delivery,0,Nangstar Cream Chargers Delivery Nangs Delivery,"NangStar, the ultimate destination for nangs and cream chargers delivery in Melbourne. With our lightning-fast ETA of 10-45 minutes (depending on your location), we guarantee instant delivery of your desired supplies right to your â€¦",https://nangstar.com.au/
24,melbourne nang delivery,0,Nangs Delivery & Cream Chargers Melbourne| Nangs Deliver,"If you are in Melbourne and looking for the Fastest Cream Chargers and Nangs Delivery services please kindly contact us. Our promises, quick delivery, quality products and â€¦",https://nangsdeliver.com.au/
25,melbourne nang delivery,0,Melbourne Nangs Delivery | Tanks for $30 Open 24/7 | Hawthorne,"Nang Delivery Melbourne is your go-to source for cream chargers, tank canister, cream whipper & balloons of the highest quality. Our products are rigorously tested and made to the highest â€¦",https://www.melbournenangsdelivery.com.au/
26,melbourne nang delivery,0,Nang Delivery | Nangs Delivery | 24/7 | Cream Chargers,"Our nangs Melbourne delivery service makes buying nangs easy and fast. We sell cream chargers and deliver them in the Melbourne metropolitan area, during the day & night; weekdays and Weekends and even on public holidays!",https://nangdelivery.net.au/
27,melbourne nang delivery,1,Nangs Melbourne| Free Delivery 24/7 near you | 3.3L for $140,"Most trusted Nangs Delivery provider in melbourne. Get whippers, cream chargers, tanks delivered across melbourne in 30 minutes.",http://nangmelbourne.com.au/
28,melbourne nang delivery,1,Nang Delivery Melbourne | Cream Chargers | Nang | Delivery â€¦,Nang Delivery Melbourne is one of Melbourne's leading supplier of whipped cream chargers & cream dispensers. Immediate delivery in Melbourne metro suburbs. Browse our range of â€¦,https://nangdeliverymelbourne.com.au/
29,melbourne nang delivery,1,Top Reliable Nangs Delivery Company in Melbourne,"Nangsboy is The Top Proffesional Nangs Delivery Company in Melbourne, with offering Fast Cream Chargers Delivery in Melbourne. 24/7 Delivery on Weekend!",https://nangsboy.com.au/
30,melbourne nang delivery,1,Nang Delivery Melbourne | Nangs Fast | Buy Cream Chargers,Jane Order Now & Get Fast Delivery & Immediate Nang Delivery in Melbourne! Quick delivery is available. Courier delivery to certain areas. Immediate home delivery to Melbourne suburbs â€¦,https://bestnangs.com.au/
31,melbourne nang delivery,1,Shop â€” Mr Nang,Most trusted nang delivery in Melbourne. Mr. Nang provides pure and flavored cream chargers with the best quality and fast delivery to your door.,https://mrnang.com.au/shop/
32,melbourne nang delivery,1,Cream Chargers & Nang Delivery Melbourne | Mr Cream,"Melbourne's Lowest Prices & Fastest Delivery. 1000's of happy customers. Delivery in just 20 to 40 minutes. We are open 24 hours per day, 7 days per week, 365 days per year.",https://www.mrcream.com.au/
33,melbourne nang delivery,1,All Night Nangs & Cream Chargers Delivery Melbourne - Nangchef,All Night Nangs & Cream chargers service delivery in Melbourne with average delivery time of only 27 minutes. Order online with Nangchef now!!,https://nangchef.com/
34,melbourne nang delivery,1,Mr Cream Chargers Nang Delivery Melbourne,Nang Delivery Melbourne Get top quality whip cream dispensers & cream chargers delivered fast. We provide 24/7 nangs delivery. Select from our range of cream whipping products â€¦,https://mrcreamchargers.com.au/
35,nangs buy,0,Buy Nangs Australia | Nangs Delivered - Nangs,WEBBuy Nangs in Australia. We sell and delivery whip cream chargers. Australiaâ€™s top Nangs seller! Buy Cream Chargers and get them delivered. Delivery Australia Wide. Nangs For â€¦,https://nangs.net.au/aus
36,nangs buy,0,Nangs | The Best Nang Delivery & Nangs Delivery â€¦,WEBAustralia's leading nangs delivery service. Get fast nang delivery. Browse our range of cream whipping products online.,https://nangs.net.au/
37,nangs buy,0,"Nang Delivery Melbourne, Sydney & Brisbane Open 24/7","WEBSit back, relax, and let us handle the delivery while you indulge in the smooth satisfaction of our top-quality nangs. Donâ€™t miss out on the stress-free, hassle-free, and turbo-charged â€¦",https://nangsdelivery.com/
38,nangs buy,0,"Nang Delivery Melbourne, Cream Chargers (Super â€¦","WEBOur fastest nangs delivery store in Melbourne has been offering products for whipped cream since 2016, and we want our nangs Melbourne delivery service to be as convenient as possible.",https://www.nangwizard.net/
39,nangs buy,0,Nangs Delivery Sydney | 30 Min VIP Delivery | Real 24/7 Cream â€¦,"WEBMr Nangs is Sydney's fastest nangs delivery and cream chargers store, with over 60+ five star reviews. Free delivery across Sydney in under 30 minutes & open 24 hours.",https://www.mrnangs.com.au/
40,nangs buy,0,Cream Chargers & Nang Delivery Melbourne | Mr Cream,"WEBOrder now and enjoy the convenience of having your nangs delivered right to your doorstep. Make sure you use the original and trust the best team in the NOS game in Melbourne, â€¦",https://www.mrcream.com.au/
41,nangs buy,0,Nangs in Australia â€” Mr Nang,"WEBDiscover Nangs in Australia with Mr. Nang's premium offerings. Elevate your culinary experience with our Nang delivery, ensuring satisfaction in every canister.",https://mrnang.com.au/nangs-in-australia/
42,nangs buy,0,Nang Delivery Melbourne | Nangs Fast | Buy Cream â€¦,"WEBBest Nangs is one of Australiaâ€™s leading supplier and service (perfect for a late night party). Get chargers (aka nang, nangs, nossies, nossys, whippits, whippets, whip-its & 0.5L cream whipper. We have some large â€¦",https://bestnangs.com.au/
43,nangs buy,0,Home24/7Delivery Melbourne Sydney Australia,"WEBThe Home most trusted Nangs Delivery. Get nangs, cream chargers delivered across Melbourne and Sydney in Australia in 25 minutes, 24/7. Call us now: 0449877707",https://nangsqueen.com.au/
44,nangs buy,0,Nang Delivery | Fast Delivery | Nangs For Sale - Best Nangs â€¦,"WEBGet Nang Delivery Now! Buy the best quality cream whipping equipment and more! Nangs Delivered to your door! Our nang delivery service is open 24/7. Yes, 24 hours all â€¦",https://bestnangs.com.au/nang-delivery
45,nangs buy,1,Nangs Delivery Sydney | Buy Nangs Online 24/7 | Fast Service,"WEBBuy Nangs online in Sydney with 24/7 fast Nangs delivery service. From cream chargers, tanks to dispensers, get everything delivered to your home, call now.",https://nang-delivery.com.au/
46,nangs buy,1,Nang Delivery Melbourne: Cream Chargers Fastest Delivery,WEBGet Whipped Cream Chargers and cream whipping equipment delivered to your door. 24 hour 7 day per week fast nang delivery Melbourne service! Buy Nangs. Nang Tanks. â€¦,https://nangsta.com.au/
47,nangs buy,1,Buy Cream Chargers Products Online | Sydney | Mr Nangs,"WEBBuy cream chargers, whippers, cannisters & nangs online at Mr. Nangs. Delivery in Sydney just 28 minutes & open 24 hours. Simply press Shop Now and Checkout Anytime 24/7. â€¦",https://www.mrnangs.com.au/shop
48,nangs buy,1,Nang Delivery Melbourne 24/7 | Buy Cream Chargers,"WEBThe provision ranges from a seamless ordering process, 24/7 swift delivery option, transparent pricing to excellent customer support, and a respected privacy policy. Letâ€™s â€¦",https://nangstuff.com.au/
49,nangs buy,1,Nang Delivery Sydney | Free Delivery 24/7 near by | 100 for 90$,"WEBNang Delivery Sydney offers late night in Sydney for nangs, cream whippers, cream chargers, whipped cream charger and cream bulbs.",https://nangdeliverysydney.com.au/
50,nangs buy,1,Buy Nangs In Sydney (NSW) | Nangs Delivered - Nangs,WEBBuy Nangs in Sydney. We sell and delivery whip cream chargers. Sydneyâ€™s best Nangs delivery service! Buy Whipped Cream Chargers and get them delivered Quickly. â€¦,https://nangs.net.au/aus/NSW/Sydney
51,nangs buy,1,Buy Nangs Inner Sydney City & CBD NSW | Nangs Delivered!,WEBBuy Nangs in Inner Sydney City & CBD. We sell and delivery whip cream chargers. Inner Sydney City & CBDâ€™s top Nang delivery service! Buy Cream Chargers and get them â€¦,https://nangs.net.au/aus/nsw/sydney/inner
52,nangs buy,1,NangsBoy Nangs Delivery & Cream Chargers : Nangs Delivery,"WEBOur online shop offers a variety of nangs and other baking supplies, including the popular Best Whip cream chargers, the trusted Supremewhip brand, Skywhip Tanks, â€¦",https://nangsboy.com.au/
53,nangs near me,0,Nangs Delivery Sydney | 30 Min VIP Delivery | Real 24/7 Cream â€¦,"Mr Nangs is Sydney's fastest nangs delivery and cream chargers store, with over 60+ five star reviews. Free delivery across Sydney in under 30 minutes & open 24 hours.",https://www.mrnangs.com.au/
54,nangs near me,0,Nangs: Nitrous oxide in Australia - Your Room,"24 May 2021Â Â· Nitrous oxide, also known as laughing gas, bulbs, whippets and nangs, is a gas sometimes inhaled for a fleeting high but comes with some heavy side effects. The word â€¦",https://yourroom.health.nsw.gov.au/whats-new/Pages/Nangs-in-Australia.aspx
55,nangs near me,0,Nangs | The Best Nang Delivery & Nangs Delivery â€¦,Australia's leading nangs delivery service. Get fast nang delivery. Browse our range of cream whipping products online.,https://nangs.net.au/
56,nangs near me,0,Buy Nangs In Sydney (NSW) | Nangs Delivered - Nangs,Buy Nangs in Sydney. We sell and delivery whip cream chargers. Sydneyâ€™s best Nangs delivery service! Buy Whipped Cream Chargers and get them delivered Quickly. Express Delivery â€¦,https://nangs.net.au/aus/NSW/Sydney
57,nangs near me,0,Nangs Sydney | 24/7 delivery in 30 mins | Nangs near you,Sydney's fastest nangs delivery and cream chargers supplier. Average delivery in 20 minutes & open 24 hours. We will price beat any competitors for nang delivery.,https://nangsman.com/store/
58,nangs near me,0,Reliable & Fastest Nangs Delivery Sydney | Mr. Nangs Sydney,Experience the most reliable and fastest nangs delivery in Sydney with Mr. Nangs. Trust Mr. Nangs for all your nangs needs in Sydney and enjoy peace of mind knowing you'll receive â€¦,https://www.mrnangs.com.au/delivery
59,nangs near me,0,Nangs Delivery Sydney | Cream Chargers pen 24/7 | 15-30 MIN,"Discover why nangs in Sydney are best when you shop with Nang Sydney. Their superior products, exemplary service, and unbeatable prices make them the leading choice for all your â€¦",https://nangtank.com/
60,nangs near me,0,Buy Nangs New South Wales (NSW) | Nangs Delivered - Nangs,Buy Nangs in New South Wales. We sell and delivery whip cream chargers. New South Walesâ€™s best Nang delivery service! Purchase Whipped Cream Chargers and get them delivered â€¦,https://nangs.net.au/aus/nsw
61,nangs near me,0,Nangs Delivery Sydney | Fastest Delivery 24/7 | 3.3L For $50,"Need nangs in Sydney ASAP? We are trusted Nangs Delivery provider in Sydney. Get n20 canisters, cream chargers, tanks delivered across Sydney in 15-40 Mins.",https://nangsydney.com/
62,nangs near me,0,Nangs Delivery | Cream Chargers | Quick 24/7 Sydney Free â€¦,"Cream Chargers, Nangs Delivery and Cream Canisters in Sydney, shop at Quicknangs. We have it all ready to be delivered to you, with a simple, safe & secure check out process.",https://www.quicknangs.com.au/
63,nangs near me,1,Nang Delivery Sydney NSW - Best Nangs Delivery Melbourne,Nang Delivery Sydney NSW | Get Nangs Delivered Fast (NEXT DAY)! Sydneyâ€™s top Nang delivery service! Purchase Cream Chargers and get them delivered Quickly. Express (NEXT â€¦,https://bestnangs.com.au/nang-delivery/NSW/Sydney
64,nangs near me,1,Nangs Delivery Sydney $70 $3.3L Open 24/7,"Fast, reliable Nangs delivery in Sydney, 24/7! Get whipped cream chargers delivered to your door. Order now for quick service.",https://nangsdelivery.com/sydney/
65,nangs near me,1,Nangs Delivery - Nang Sydney,"Get your nangs delivered fast and with thrilling precision! Our genuine, quality service ensures you get the best experience right to your door.",https://nangsydney.com/category/nangs-delivery/
66,nangs near me,1,Buy Nangs Inner Sydney City & CBD NSW | Nangs Delivered!,Buy Nangs in Inner Sydney City & CBD. We sell and delivery whip cream chargers. Inner Sydney City & CBDâ€™s top Nang delivery service! Buy Cream Chargers and get them delivered Quickly. â€¦,https://nangs.net.au/aus/nsw/sydney/inner
67,nangs near me,1,Nang Delivery Sydney | 3.3L tank for $100 | Nangs near me | 24/7,Nangs In Sydney. Sydney's premier choice for nangs delivery. Our average cream chargers delivery time is 25 minutes. We can price beat any competitors. No hidden delivery charges. â€¦,https://nangsman.com/
68,nangs near me,1,"Nangs Sydney Delivery, 25 min delivery 24/7, Nangs near me",Sydney's premier choice for nangs delivery. Our average cream chargers delivery time is 25 minutes. We can price beat any competitors. No hidden delivery charges.,http://nangsydney.au/
69,nangs near me,1,Nangs Delivery & Cream Chargers Melbourne| Nangs Deliver,Experience fast and reliable Cream Chargers & Nangs delivery services. Order your nangs with ease and convenience from Nangs Deliver. Shop now!,https://nangsdeliver.com.au/
70,nangs near me,1,Buy Nangs Sydney Eastern Suburbs NSW | Nangs Delivered!,Nangs For Sale - Get These Cream Chargers Delivered All Over Sydney Eastern Suburbs NSW,https://nangs.net.au/aus/nsw/sydney/eastern
71,nangs near me,1,NANGS NEAR ME - Cream Chargers Sydney delivery,NANGS NEAR ME! Serving Nangs in Sydney since 2019!! Nangs Sydney Delivery Service. Cream Chargers Delivered to your door. SPECIAL 3.3ltr Tank $110 plus delivery. All Sydney â€¦,https://www.nangsnearme.com.au/
72,melbourne nangs delivery,0,,Get Fastest Nang Delivery Melbourne with premium cream chargers from NangStuff. Enjoy quick and reliable Nangs Delivery in 25 Minutes.,https://nangstuff.com.au/
73,melbourne nangs delivery,0,Nang Delivery Melbourne | Nangs&Cream Chargers,"King Whip offers the fastest nang delivery in Melbourne, top-quality cream chargers, and has earned over 200 five-star reviews from satisfied customers.",https://kingwhip.com.au/
74,melbourne nangs delivery,0,"Nang Delivery Melbourne, Cream Chargers (Super â€¦","NangWizard is Melbourneâ€™s fastest nang delivery service, with over 90+ five star reviews from happy customers. Order online with the Wizard today!",https://www.nangwizard.net/
75,melbourne nangs delivery,0,Melbourne Nangs Delivery | Tanks for $30 Open 24/7 | Hawthorne,"Nang Delivery Melbourne is your go-to source for cream chargers, tank canister, cream whipper & balloons of the highest quality. Our products are rigorously tested and made to the highest â€¦",https://www.melbournenangsdelivery.com.au/
76,melbourne nangs delivery,0,Nang Delivery Melbourne 24/7 | Premium Cream Chargers,Get your nangs in a flash with our lightning-fast delivery service â€“ we deliver nangs to your doorstep within 25 mins in Melbourne ! We ensure that your whipped cream chargers arrive at â€¦,https://nangdelivery.com.au/
77,melbourne nangs delivery,0,Nangs Delivery - Reliable & Fastest Nang Delivery in â€¦,Mr. Nang offers Melbourneâ€™s fastest nang delivery serviceâ€”trusted and reliable. Need quick delivery near you? Call us today for the most dependable service!,https://mrnang.com.au/
78,melbourne nangs delivery,0,Cream Chargers & Nang Delivery Melbourne | Mr Cream,"Melbourne's Lowest Prices & Fastest Delivery. 1000's of happy customers. Delivery in just 20 to 40 minutes. We are open 24 hours per day, 7 days per week, 365 days per year.",https://www.mrcream.com.au/
79,melbourne nangs delivery,0,Nangs Delivery & Cream Chargers Melbourne| Nangs Deliver,Experience fast and reliable Cream Chargers & Nangs delivery services. Order your nangs with ease and convenience from Nangs Deliver. Shop now!,https://nangsdeliver.com.au/
80,melbourne nangs delivery,0,Nangstar Cream Chargers Delivery Nangs Delivery,"NangStar, the ultimate destination for nangs and cream chargers delivery in Melbourne. With our lightning-fast ETA of 10-45 minutes (depending on your location), we guarantee instant delivery of your desired supplies right to your â€¦",https://nangstar.com.au/
81,melbourne nangs delivery,0,Nang Delivery Melbourne | Nangs Fast | Buy Cream â€¦,Jane Order Now & Get Fast Delivery & Immediate Nang Delivery in Melbourne! Quick delivery is available. Courier delivery to certain areas. Immediate home delivery to Melbourne suburbs during our extended opening times.,https://bestnangs.com.au/
82,melbourne nangs delivery,1,NangsBoy Nangs Delivery & Cream Chargers : Nangs â€¦,"Nangsboy is The Top Proffesional Nangs Delivery Company in Melbourne, with offering Fast Cream Chargers Delivery in Melbourne. 24/7 Delivery on Weekend!",https://nangsboy.com.au/
83,melbourne nangs delivery,1,Nang Delivery | Nangs Delivery | 24/7 | Cream Chargers,"Our nangs Melbourne delivery service makes buying nangs easy and fast. We sell cream chargers and deliver them in the Melbourne metropolitan area, during the day & night; â€¦",https://nangdelivery.net.au/
84,melbourne nangs delivery,1,Nangs Melbourne| Free Delivery 24/7 near you | 3.3L for $140,"Most trusted Nangs Delivery provider in melbourne. Get whippers, cream chargers, tanks delivered across melbourne in 30 minutes.",http://nangmelbourne.com.au/
85,melbourne nangs delivery,1,Home24/7Delivery Melbourne Sydney Australia | Cream Chargers,"The Home most trusted Nangs Delivery. Get nangs, cream chargers delivered across Melbourne and Sydney in Australia in 25 minutes, 24/7. Call us now: 0449877707",https://nangsqueen.com.au/
86,melbourne nangs delivery,1,"Nangs Delivery Melbourne, Cream Charger Delivery, Nangs Victoria","At Nangs Victoria, we are dedicated to serving you around the clock, seven days a week. Orders can be placed at any time through a simple call to 0402172777 or via our website. We â€¦",https://nangsvictoria.com.au/
87,melbourne nangs delivery,1,Nang Delivery Melbourne: Cream Chargers Fastest Delivery,"Nangsta is Melbourne's top nang delivery service! Fast and cheap! Cream chargers, Whippers & Nang Tanks. Open 24 hours. Order Now!",https://nangsta.com.au/
88,melbourne nangs delivery,1,Shop | Melbourne Nangs Delivery,"Nangs Delivery Melbourne is open 24 hours for instant nangs, cream whippers, cream chargers, whipped cream charger, tanks & bulbs.",https://www.melbournenangsdelivery.com.au/shop
89,melbourne nangs delivery,1,All Night Nangs & Cream Chargers Delivery Melbourne - Nangchef,"Nang Express Delivery Across Melbourne. Click for Delivery Price & ETA. Price Beat Guarantee. If you find a lower priced identical item with a competitor, we'll beat it by 5%. â€¦",https://nangchef.com/
90,nangs sydney,0,Nangs Delivery Sydney | Fastest Delivery 24/7 | 3.3L For $50,"Need nangs in Sydney ASAP? We are trusted Nangs Delivery provider in Sydney. Get n20 canisters, cream chargers, tanks delivered across Sydney in 15-40 Mins.",https://nangsydney.com/
91,nangs sydney,0,Nangs Delivery Sydney | Buy Nangs Online 24/7 | Fast Service,"Buy Nangs online in Sydney with 24/7 fast Nangs delivery service. From cream chargers, tanks to dispensers, get everything delivered to your home, call now.",https://nang-delivery.com.au/
92,nangs sydney,0,Nangs Delivery Sydney $70 $3.3L Open 24/7,"Fast, reliable Nangs delivery in Sydney, 24/7! Get whipped cream chargers delivered to your door. Order now for quick service.",https://nangsdelivery.com/sydney/
93,nangs sydney,0,Nang Delivery Sydney & Melbourne | Nangs 24 Hour Delivery,Find the top nangs in Melbourne and Sydney with Ignitenang! We provide cream chargers and nangs 24 hour delivery service. Get the ultimate whipped cream experience.,https://ignitenang.com/
94,nangs sydney,0,Home24/7Delivery Melbourne Sydney Australia | Cream Chargers,"The Home most trusted Nangs Delivery. Get nangs, cream chargers delivered across Melbourne and Sydney in Australia in 25 minutes, 24/7. Call us now: 0449877707",https://nangsqueen.com.au/
95,nangs sydney,0,Nangs Delivery | Cream Chargers | Quick 24/7 Sydney Free â€¦,"Cream Chargers, Nangs Delivery and Cream Canisters in Sydney, shop at Quicknangs. We have it all ready to be delivered to you, with a simple, safe & secure check out process.",https://www.quicknangs.com.au/
96,nangs sydney,0,Nangs Sydney | Cream Chargers Free Delivery | Open 24/7,"24/7 Nangs Delivery Sydney: cheapest & fastest for nangs, tanks, cream chargers. Get your delivery in 15-40 Mins. Free delivery for nangs in sydney.",https://nangsydney.com/shop/
97,nangs sydney,0,Sydney - Nangs & Cream Chargers Delivery - shop NangWizard,"Elevate your dishes, master the art of whipped cream, and embrace convenience like never before with nangs delivery in Sydney!ðŸ§™",https://www.nangwizard.net/nangs-delivery-sydney/
98,nangs sydney,0,Nangs Delivery in Sydney - Free Delivery Cream Chargers 24/7,Cream Chargers Delivery in Sydney is a renowned nangs courier in Sydney that specializes in providing high-quality bakery accessories such as whipped cream dispensers and cream â€¦,https://creamchargersydney.com.au/
99,nangs sydney,0,Delivery Range - Nang Sydney - Nangs sydney,We cover all areas in sydney for delivery 24/7. There might be extra delivery fee depending on peak hours and drivers availability so please confirm with us.,https://nangsydney.com/delivery-range/
100,nangs sydney,1,Nangs Delivery Sydney | Cream Chargers Open 24/7 | 15-30 MIN,"About Us. NANGS DELIVERY SYDNEY OPEN 24/7. Most trusted Nangs Delivery provider in Sydney. Get whippers, cream chargers, tanks delivered across Sydney in 15-40 Mins. â€¦",https://nangtank.com/
101,nangs sydney,1,Buy Nangs In Sydney (NSW) | Nangs Delivered - Nangs,Buy Nangs in Sydney. We sell and delivery whip cream chargers. Sydneyâ€™s best Nangs delivery service! Buy Whipped Cream Chargers and get them delivered Quickly. Express Delivery â€¦,https://nangs.net.au/aus/NSW/Sydney
102,nangs sydney,1,Nang Delivery Sydney | Free Delivery 24/7 near by | 100 for 90$,"Nang Delivery Sydney offers late night in Sydney for nangs, cream whippers, cream chargers, whipped cream charger and cream bulbs.",https://nangdeliverysydney.com.au/
103,nangs sydney,1,Nangs Sydney | 24/7 delivery in 30 mins | Nangs near you,Sydney's fastest nangs delivery and cream chargers supplier. Average delivery in 20 minutes & open 24 hours. We will price beat any competitors for nang delivery.,https://nangsman.com/store/
104,nangs sydney,1,Nangs | The Best Nang Delivery & Nangs Delivery Service,"Nangs is the common name used in most parts of Australia including Melbourne, Sydney, Brisbane, Adelaide, Hobart, Perth, Darwin, the Gold Coast, Sunshine Coast, Geelong and â€¦",https://nangs.net.au/
105,nangs sydney,1,Nang Delivery Sydney | 3.3L tank for $100 | Nangs near me | 24/7,"Welcome to NangsMan Nangs in Sydney, where we redefine the nangs experience with our unwavering commitment to quality, reliability, and exceptional service. We currently bring to â€¦",https://nangsman.com/
106,nangs sydney,1,"Nang Delivery Melbourne, Sydney & Brisbane Open 24/7","NangsDelivery is your go-to for timely and reliable service. Sit back, relax, and let us handle the delivery while you indulge in the smooth satisfaction of our top-quality nangs. Donâ€™t miss out â€¦",https://nangsdelivery.com/
107,nangs sydney,1,24/7 Express Cream Chargers & Nang Delivery in Sydney,"On the Nangstuff website in Sydney, we will guide you through the best quality Nangs or Cream Chargers in Sydney. We also promise you the best customer care and guidance with the nang â€¦",https://nangstuff.com.au/nangs-delivery-sydney/
108,nang delivery,0,Nang Delivery Melbourne 24/7 | Premium Cream Chargers,WEBYour Ultimate Destination for Seamless Nangs Delivery in Melbourne! Elevate Your Desserts with NangDeliveryâ€™s Premium Whipped Cream Chargers. Order Now and â€¦,https://nangdelivery.com.au/
109,nang delivery,0,Nang Delivery Sydney & Melbourne | Nangs 24 Hour Delivery,WEBFind the top nangs in Melbourne and Sydney with Ignitenang! We provide cream chargers and nangs 24 hour delivery service. Get the ultimate whipped cream experience.,https://ignitenang.com/
110,nang delivery,0,24/7 Nangs Deliver | Cream Chargers Delivered,WEBNangs Delivery Melbourne. Get Whipped Cream bulbs and cream whipping equipment delivered to your door. 24 hour nang delivery service!,https://nangsdelivery.au/
111,nang delivery,0,,WEBGet Fastest Nang Delivery Melbourne with premium cream chargers from NangStuff. Enjoy quick and reliable Nangs Delivery in 25 Minutes.,https://nangstuff.com.au/
112,nang delivery,0,Nangs Delivery Sydney | 30 Min VIP Delivery | Real 24/7 Cream â€¦,"WEBMr Nangs is Sydney's fastest nangs delivery and cream chargers store, with over 60+ five star reviews. Free delivery across Sydney in under 30 minutes & open 24 hours.",https://www.mrnangs.com.au/
113,nang delivery,0,Home24/7Delivery Melbourne Sydney Australia,"WEBThe Home most trusted Nangs Delivery. Get nangs, cream chargers delivered across Melbourne and Sydney in Australia in 25 minutes, 24/7. Call us now: 0449877707",https://nangsqueen.com.au/
114,nang delivery,0,About Us - Nang Delivery,WEBWelcome to Nang Delivery. Your go-to destination for top-quality nangs delivered right to your doorstep in Melbourne and Geelong! Our Journey Began With a Simple Yet â€¦,https://nangdelivery.com.au/about-us/
115,nang delivery,0,Nang Delivery Melbourne | Nangs Fast | Buy Cream â€¦,"WEBBest Nangs is one of Australiaâ€™s leading supplier and 24 hour nang delivery Melbourne service (perfect for a late night party). Get chargers (aka nang, nangs, nossies, nossys, whippits, whippets, whip-its & 0.5L â€¦",https://bestnangs.com.au/
116,nang delivery,0,Nang Delivery Sydney NSW - Best Nangs Delivery Melbourne,WEBSydneyâ€™s top Nang delivery service! Purchase Cream Chargers and get them delivered Quickly. Express (NEXT DAY) Delivery Sydney Wide. We also provide 24/7 immediate â€¦,https://bestnangs.com.au/nang-delivery/NSW/Sydney
117,nang delivery,0,All Night Nangs & Cream Chargers Delivery Melbourne - Nangchef,"WEBNang Express Delivery Across Melbourne. Click for Delivery Price & ETA. Price Beat Guarantee. If you find a lower priced identical item with a competitor, we'll beat it by 5%. â€¦",https://nangchef.com/
118,nang delivery,1,Nangs Delivery - Nang Sydney,"WEBGet your nangs delivered fast and with thrilling precision! Our genuine, quality service ensures you get the best experience right to your door.",https://nangsydney.com/category/nangs-delivery/
119,nang delivery,1,Nang Delivery Sydney | Free Delivery 24/7 near by | 100 for 90$,"WEBNang Delivery Sydney offers late night in Sydney for nangs, cream whippers, cream chargers, whipped cream charger and cream bulbs.",https://nangdeliverysydney.com.au/
120,nang delivery,1,Nangs Melbourne| Free Delivery 24/7 near you | 3.3L for $140,"WEBNang Delivery Melbourne is open 24/7. Most Trusted Nangs Delivery Provider in Melbourne. Get whippers, cream chargers, tanks delivered across Melbourne in 30 â€¦",http://nangmelbourne.com.au/
121,nang delivery,1,Nangs Delivery Sydney | Fastest Delivery 24/7 | 3.3L For $50,"WEBNANGS DELIVERY SYDNEY OPEN 24/7. Most trusted Nangs Delivery provider in Sydney. Get whippers, cream chargers, tanks delivered across Sydney in 15-40 Mins. â€¦",https://nangsydney.com/
122,nang delivery,1,Nangs Delivery - Reliable & Fastest Nang Delivery in Melbourne,WEBMr. Nang offers Melbourneâ€™s fastest nang delivery serviceâ€”trusted and reliable. Need quick delivery near you? Call us today for the most dependable service!,https://mrnang.com.au/
123,nang delivery,1,Nangs Delivery Melbourne | Nang Delivery Melbourne 24/7 | Buy â€¦,WEBWe offer immediate delivery (instant delivery) which means really quick delivery. Times vary depending on where you are located. For most Melbourne suburbs delivery is â€¦,https://nangsdelivery.com.au/
124,nang delivery,1,nangs sydney delivery,WEBnangs delivery -Sydney Fast Nang Delivery in 30mins - Point & Reward system for up to 15% off - Contact us: 0403 605 008,https://www.crownwhip.com.au/
125,nang delivery,1,"Nang Delivery Melbourne, Sydney & Brisbane Open 24/7","WEBReceive Your Order with Nang Delivery Melbourne, Nang Delivery Sydney, & Nang Delivery Brisbane Guaranteed Within 20 Minutes!",https://nangsdelivery.com/
126,nang delivery,1,About US | Nang Delivery Sydney | Whip Cream Charger Supplier,WEBDiscover story behind Nangs Delivery Sydney - your go-to for top-notch whip cream chargers. Learn about our commitment to excellence & customer satisfaction!,https://nang-delivery.com.au/about-us/
127,nangs buy melbourne,0,,Get Fastest Nang Delivery Melbourne with premium cream chargers from NangStuff. Enjoy quick and reliable Nangs Delivery in 25 Minutes.,https://nangstuff.com.au/
128,nangs buy melbourne,0,"Nang Delivery Melbourne, Cream Chargers (Super â€¦","NangWizard is Melbourneâ€™s fastest nang delivery service, with over 90+ five star reviews from happy customers. Order online with the Wizard today!",https://www.nangwizard.net/
129,nangs buy melbourne,0,Nang Delivery Melbourne | Nangs&Cream Chargers,"King Whip offers the fastest nang delivery in Melbourne, top-quality cream chargers, and has earned over 200 five-star reviews from satisfied customers.",https://kingwhip.com.au/
130,nangs buy melbourne,0,Nang Delivery Melbourne: Cream Chargers Fastest Delivery,"Nangsta is Melbourne's top nang delivery service! Fast and cheap! Cream chargers, Whippers & Nang Tanks. Open 24 hours. Order Now!",https://nangsta.com.au/
131,nangs buy melbourne,0,Nangs Delivery | Reliable & Fastest Nang Delivery in Melbourne,Mr. Nang offers Melbourneâ€™s fastest nang delivery serviceâ€”trusted and reliable. Need quick delivery near you? Call us today for the most dependable service!,https://mrnang.com.au/
132,nangs buy melbourne,0,Nang Delivery Melbourne | Nangs Fast | Buy Cream â€¦,"Best Nangs is one of Australiaâ€™s leading supplier and service (perfect for a late night party). Get chargers (aka nang, nangs, nossies, nossys, whippits, whippets, whip-its & 0.5L cream whipper. We have some large discounts on our regular â€¦",https://bestnangs.com.au/
133,nangs buy melbourne,0,Cream Chargers & Nang Delivery Melbourne | Mr Cream,"Order now and enjoy the convenience of having your nangs delivered right to your doorstep. Make sure you use the original and trust the best team in the NOS game in Melbourne, Perth, â€¦",https://www.mrcream.com.au/
134,nangs buy melbourne,0,Nang Delivery | Nangs Delivery | 24/7 | Cream Chargers,"Our nangs Melbourne delivery service makes buying nangs easy and fast. We sell cream chargers and deliver them in the Melbourne metropolitan area, during the day & night; weekdays and Weekends and even on public holidays!",https://nangdelivery.net.au/
135,nangs buy melbourne,0,Nangstar Cream Chargers Delivery Nangs Delivery,"NangStar, the ultimate destination for nangs and cream chargers delivery in Melbourne. With our lightning-fast ETA of 10-45 minutes (depending on your location), we guarantee instant delivery of your desired supplies right to your â€¦",https://nangstar.com.au/
136,nangs buy melbourne,0,Buy Nangs In Melbourne (Vic) | Nangs Delivered | Nangs,Buy Nangs in Melbourne. We sell and delivery whip cream chargers. Melbourneâ€™s best Nangs delivery service! Purchase Whipped Cream Chargers and get them delivered Quickly. Express Delivery Melbourne Wide. Nangs For â€¦,https://nangs.net.au/aus/VIC/Melbourne
137,nangs buy melbourne,1,Quick Nangs Delivery Melbourne | Buy Cream â€¦,King Whipâ€™s nang delivery Melbourne service is perfect for those wondering how to buy nangs or who need nangs delivered quickly. Our nangs delivery service ensures you have the tools you need when you need them.,https://kingwhip.com.au/shop/
138,nangs buy melbourne,1,Top Reliable Nangs Delivery Company in Melbourne,"Nangsboy is The Top Proffesional Nangs Delivery Company in Melbourne, with offering Fast Cream Chargers Delivery in Melbourne. 24/7 Delivery on Weekend!",https://nangsboy.com.au/
139,nangs buy melbourne,1,Nangs Delivery & Cream Chargers Melbourne| Nangs Deliver,Experience fast and reliable Cream Chargers & Nangs delivery services. Order your nangs with ease and convenience from Nangs Deliver. Shop now!,https://nangsdeliver.com.au/
140,nangs buy melbourne,1,All Night Nangs & Cream Chargers Delivery Melbourne | Nangchef,All Night Nangs & Cream chargers service delivery in Melbourne with average delivery time of only 27 minutes. Order online with Nangchef now!!,https://nangchef.com/
141,nangs buy melbourne,1,"Nang Delivery Melbourne, Sydney & Brisbane Open 24/7","Look no further! NangsDelivery brings you an extraordinary experience with our express nang delivery service, ensuring your whipped cream fun is not just on time but a thrilling adventure. â€¦",https://nangsdelivery.com/
142,nangs buy melbourne,1,Nang Delivery In Melbourne (Vic) | Fast Express Courier | Nangs â€¦,Melbourneâ€™s top Nang delivery service! Purchase Cream Chargers and have them delivered Fast. Express (SAME DAY) Delivery Melbourne Wide. We provide 24/7 immediate delivery to â€¦,https://bestnangs.com.au/nang-delivery/vic/melbourne
143,nangs buy melbourne,1,24/7 Nangs Deliver | Cream Chargers Delivered,Nangs Delivery Melbourne. Get Whipped Cream bulbs and cream whipping equipment delivered to your door. 24 hour nang delivery service! Buy Nangs. Combo Deals: Whipper + Chargers. â€¦,https://nangsdelivery.au/
144,cream chargers,0,Whipped Cream Chargers Delivered Australia,"Buy high-quality N2O chargers and cream whippers online from top brands like Supremewhip, Ezywhip and Bestwhip. Free shipping on orders over $150 and â€¦",https://creamchargerwarehouse.com.au/
145,cream chargers,0,,"Buy whipped cream chargers, dispensers and flavours online from Australia's leading supplier. Fast and secure delivery of top quality products from â€¦",https://creamchargers.net.au/
146,cream chargers,0,,"Ezychargers specialise in importing and distributing of small compressed gas products, including cream chargers Nitrous Oxide (N2O), cream whippers/dispensers, soda chargers Carbon Dioxide (CO2), soda syphons â€¦",https://www.ezychargers.com.au/
147,cream chargers,0,,"We sell nitrous oxide whipped cream chargers and whipped cream dispensers. We provide the best customer service, lightening fast shipping times, and hugely discounted prices. If you â€¦",https://nitrouswhip.com.au/
148,cream chargers,0,Ezywhip Cream Chargers and Cream Whippers,"Established in 2011, Ezywhip is Australia's biggest brand in cream chargers, cream whippers, soda chargers, soda syphons and related accessories. With a huge distribution capability, you will find the Ezywhip brand in your trusted â€¦",https://ezywhip.com.au/
149,cream chargers,0,,"High-Quality Cream Charger Canisters. We stock a whole array of cream charger canisters, choose from 8g cream chargers to impressive 2050g canisters, when shopping for all your â€¦",https://www.quickwhip.com.au/collections/cream-chargers
150,cream chargers,0,Cream Chargers - Cream Charger Warehouse,Cream Chargers. Buy and get delivery of cream chargers (N2O) for whipping cream with a whipped cream dispenser. Same day dispatch. Showing all 12 results.,https://creamchargerwarehouse.com.au/product-category/cream-chargers
151,cream chargers,0,Cream Shop | Cream Chargers and Whippers,"One Mosa Cream Charger whips up to 0.5 litres (in weight) and 1.5 litres (in volume) of whipped cream, desserts, mousses, and sauces! Cream Shop aims to complete all deliveries within 20 â€¦",https://www.creamshop.com.au/
152,cream chargers,0,iSi Cream Chargers | Free Delivery Australia-Wide,"ISI whipped cream chargers are guaranteed to give you a life-changing taste leaving you wanting more. Recommended by cream-whipping enthusiasts, these cream chargers are filled with â€¦",https://www.supremewhip.com.au/collections/isi-cream-charger-collection
153,cream chargers,0,Whip Cream Chargers | Delivered | Australia,Whip Cream Chargers is one of Australiaâ€™s leading cream charger and cream whipper retailer and wholesaler. Get cheap cream chargers with quick delivery.,https://whipcreamchargers.com.au/
154,cream chargers,1,Creamify > Cream Chargers and Whippers,"One Mosa Cream Charger whips up to 0.5 litres (in weight) and 1.5 litres (in volume) of whipped cream, desserts, mousses, and sauces! Creamify offers the lowest prices on nangs. Creamify â€¦",https://www.creamify.com.au/
155,cream chargers,1,Cream Charger | Whipped Cream Charger & Whippers,One of Australia's leading supplier of whipped cream chargers & cream dispensers. Fast delivery Australia wide & immediate delivery in Melbourne metro suburbs. Browse our range of cream â€¦,https://creamcharger.net.au/
156,cream chargers,1,Whip-It Cream Chargers (N2O) - Cream Chargers,"These bulbs are designed to whip cream using a whipped cream dispenser. Manufactured in Europe, these are pure, food-grade Nitrous Oxide (N2O). One cream charger can whip 0.5 â€¦",https://creamchargers.net.au/product/whip-it-cream-chargers-nitrous-oxide-n2o
157,cream chargers,1,CreamWhip,"Australiaâ€™s trusted source for all things whipped cream! Based in Sydney, CreamWhip carries nitrous oxide whipped cream chargers and whipped cream dispensers. We offer unmatched â€¦",https://www.creamwhip.com.au/
158,cream chargers,1,NOS Cream Chargers | Delivery | Australia,NOs Cream Chargers is one of Australiaâ€™s Premier cream charger and cream whipper retailer and wholesaler. Get the discounted cream chargers with fast delivery direct to your door.,https://noscreamchargers.com.au/
159,cream chargers,1,Cheap Cream Chargers For Sale | Delivery Across Australia,Buy cheap cream chargers & we will deliver them to your door all around Australia. Top Quality N2O Nitrous Oxide Whip Cream Chargers.,https://creamchargerwarehouse.com.au/aus
160,cream chargers,1,Amazon.com.au: Cream Chargers,"Amazon.com.au: Cream Chargers. 1-48 of 727 results for ""cream chargers"" Results. Check each product page for other buying options. Price and other details may vary based on product â€¦",https://www.amazon.com.au/cream-chargers/s?k=cream+chargers
161,cream chargers,1,Nitrous Oxide Cream Chargers | Delivery | Australia,Nitrous Oxide Cream Chargers is one of Australiaâ€™s leading cream charger and cream whipper retailer and wholesaler. Get cheap cream chargers with quick delivery.,https://nitrousoxidecreamchargers.com.au/
162,nangs perth,0,Perth Nangs | Perth Cream Chargers Delivery 24/7,"WEBNangs Perth is your go-to source for cream chargers, tank canister, cream whipper & balloons of the highest quality. Our products are rigorously tested and made to the â€¦",https://www.nangsperth.com.au/
163,nangs perth,0,Home | Perth Nangs | Western Australia Nangs,"WEBWelcome to Perth's premier destination for nangs delivery, where convenience meets affordability! At our nangs website, we take pride in offering the quickest delivery service â€¦",https://www.perthnangs.au/
164,nangs perth,0,Perth Nangs - Cream Chargers Express Perth 24/7 â€¦,"WEBOn this page, weâ€™ll show you where you can buy cream chargers (also known as nangs) online in Perth. Well, we also ensure that you will receive exceptional customer service and assist you with the best cream â€¦",https://perthchargers.com.au/
165,nangs perth,0,Perth Nangs | Perth Cream Charger Nang Delivery 24/7 (Fastest),WEBPerth Nangs open & delivering cream chargers & nangs to your door in Perth within 45 minutes at any time of the day or night with our 24/7 service. Shop Now TXT or CALL - â€¦,https://perthnangs.com/
166,nangs perth,0,Nang Delivery Perth | Nangs & Cream Charger Delivery 24/7,"WEBOrdering from Nang Delivery Perth is simple and straightforward. Visit our website, select your preferred cream chargers and Perth nangs, and provide your delivery details. Our â€¦",https://nangdeliveryperth.com.au/
167,nangs perth,0,Nangers & Mash | Perth Cream Charger Delivery 24/7,WEBDelivery of quality cream chargers and dispensers right to your door within the Perth Metropolitan area. Premium products and premium service on demand.,https://nangersandmash.com.au/
168,nangs perth,0,Shop | Nangs Delivery Perth,"WEBNang Delivery Perth is 24 hours Nangs service for instant nangs, cream whippers, cream chargers, whipped cream charger, tanks & bulbs.",https://www.nangsperth.com.au/shop
169,nangs perth,0,Nang Delivery Perth| Nangs near me,WEBNang Delivery Perth delivers to Perth and surrounding areas. top of page . OPEN FOR 24/7 CREAM CHARGER & N20 CYLINDER DELIVERY in 20 Minutes. Nangs Perth. â€¦,https://www.nangsperth.com.au/Deliveryarea
170,nangs perth,0,Perth 24 Hour Nangs Delivery | Perth Nangs,"WEBPerth Nangs. Perth, Western Australia. True 24/7 instant perth express cream charger nang delivery up to 100km from Perthâ€™s CBD. We are open 365 days a year. Email: â€¦",https://perthnangs.com/perth-24-hour-nangs-delivery/
171,nangs perth,0,Perth Cream Chargers | Nang Delivery 24/7 Perth â€¦,"WEBNangs & Cream Charger Delivery Perth, Western Australia. We offer true 24/7 instant express cream charger delivery up to 100km from Perth's CBD. We are open 365 days a year.",https://perthcreamchargers.com/
172,nangs perth,1,Perth Nangs | Delivery Areas,"WEBPerth Nangs offers home Nang Delivery to most of Metro Perth. Delivery rates vary from $10-$40, dependant on your postcode and distance from the Perth CBD. Check your â€¦",https://perthnangs.com/delivery-areas/
173,nangs perth,1,About | Perth Nangs,WEBABOUT US. Perth Nangs Delivery offers express delivery of cream chargers! Our team is passionate about providing fast and reliable delivery services to our customers. We â€¦,https://www.perthnangs.au/about
174,nangs perth,1,Nangs Perth | Tanks for $50,"WEBPerth's leading #1 Instant Cream Charger delivery service. Delivering nangs Instantly, Fast delivery. 24 hours Nangs delivered to your door step. Instant ETA notification.",https://www.nangsperth.com.au/about-us
175,nangs perth,1,Buy Nangs In Perth (WA) | Nangs Delivered - Nangs,WEBBuy Nangs in Perth. We sell and delivery whip cream chargers. Perthâ€™s best Nangs delivery service! Purchase Cream Chargers and get them delivered Quick. Express â€¦,https://nangs.net.au/aus/WA/Perth
176,nangs perth,1,24/7 Express Cream Chargers & Nang Delivery in Perth,"WEBGet nangs delivered in Perth within 1-2 Days. 24/7 service, premium quality cream chargers at the best prices.Order Now!",https://nangstuff.com.au/nangs-delivery-perth/
177,nangs perth,1,Buy Nangs Perth Southern Suburbs WA | Nangs Delivered!,WEBAre you in Perth Southern Suburbs WA? We can get Nangs to you fast! Get Cream canisters in Perth Southern Suburbs. Nangs Delivery Perth.,https://nangs.net.au/aus/wa/perth/southern
178,nangs perth,1,Nang-a-roo: Nang Delivery Perth - Cream Charger Delivery Perth,"WEBWelcome to Nang-A-Roo, your top choice for nang delivery in Perth. Whether you're hosting an event in the bustling Perth CBD, relaxing in Mandurah, or enjoying the â€¦",https://nang-a-roo.com.au/
179,nangs perth,1,Buy Nangs Perth Eastern Suburbs WA | Nangs Delivered!,WEBBuy Nangs in Perth Eastern Suburbs. We sell and delivery whip cream chargers. Perth Eastern Suburbsâ€™s top Nangs delivery service! Purchase Cream Chargers and have â€¦,https://nangs.net.au/aus/wa/perth/eastern
180,nangs perth,1,FAQ | Nangs Delivery Perth | Cheap Cream Chargers,WEBNangs delivery is 24 hours a day 7 days a week including public holidays. We have drivers on the road all the time. What are your delivery times? Nang Delivery Perth offers fast â€¦,https://www.nangsperth.com.au/faq
181,whipped cream chargers,0,Whipped Cream Chargers Delivered Australia,WEBCream Charger Warehouse | Buy High-Quality Whipped Cream Chargers & Dispensers Delivered To Your Door | Shop Online | Save Time & Money.,https://creamchargerwarehouse.com.au/
182,whipped cream chargers,0,,"WEBWe sell nitrous oxide whipped cream chargers and whipped cream dispensers. We provide the best customer service, lightening fast â€¦",https://nitrouswhip.com.au/
183,whipped cream chargers,0,,"WEBHere at QuickWhip, weâ€™re proud to sell high-quality whip cream chargers for all your whipped cream creations. We're Australia's largest and most reputable distributor, â€¦",https://www.quickwhip.com.au/collections/cream-chargers
184,whipped cream chargers,0,Whipped Cream Chargers: Everything You Should Know,"Learn everything you need to know about whipped cream chargers, small canisters filled with nitrous oxide that help make thick and creamy whipped â€¦",https://cream-deluxe.com/blog/whipped-cream-chargers-everything-you-should-know/
185,whipped cream chargers,0,Ezywhip Cream Chargers and Cream Whippers,"WEBEstablished in 2011, Ezywhip is Australia's biggest brand in cream chargers, cream whippers, soda chargers, soda syphons and related accessories. With a huge distribution capability, you will find the â€¦",https://ezywhip.com.au/
186,whipped cream chargers,0,,"WEBWelcome to Supawhip, Australia's home of the largest selection of cream and soda chargers at the very best and lowest prices. Supawhip has Australia's largest range, all available online, with expert staff to help â€¦",https://www.supawhip.com.au/
187,whipped cream chargers,0,Whipped Cream Chargers & Cream Whippers,WEBAustralia's leading supplier of whipped cream chargers & cream charger tanks. Order online & get your products delivered Australia wide.,https://speedwhip.com.au/
188,whipped cream chargers,0,Whip Cream Chargers | Delivered | Australia,WEBWhip Cream Chargers is one of Australiaâ€™s leading cream charger and cream whipper retailer and wholesaler. Get cheap cream chargers with quick delivery.,https://whipcreamchargers.com.au/
189,whipped cream chargers,0,CreamWhip,"WEBAustraliaâ€™s trusted source for all things whipped cream! Based in Sydney, CreamWhip carries nitrous oxide whipped cream chargers and whipped cream dispensers. We â€¦",https://www.creamwhip.com.au/
190,whipped cream chargers,0,,"WEBEzychargers specialise in importing and distributing of small compressed gas products, including cream chargers Nitrous Oxide (N2O), cream whippers/dispensers, soda chargers Carbon Dioxide (CO2), soda â€¦",https://www.ezychargers.com.au/
191,whipped cream chargers,1,Power Whip | Cream Chargers & Cream Whippers | Australia,WEBPowerWhip: for all of your nitrous oxide cream chargers & whipped cream dispenser needs in Australia.,https://powerwhip.com.au/
192,whipped cream chargers,1,"Chef-Master N20 Whipped Cream Chargers, Food Safe Low â€¦",WEB31 Dec 2020Â Â· Utilize Chef Master Whipped Cream Chargers and a Whipped Cream Dispenser to turn making whipped cream into a deliciously fun family tradition! Embrace â€¦,https://www.amazon.com/Chef-Master-Whipped-Chargers-Cartridge-Dispensers/dp/B087W9VY81
193,whipped cream chargers,1,Cream Charger | Whipped Cream Charger & Whippers,WEBOne of Australia's leading supplier of whipped cream chargers & cream dispensers. Fast delivery Australia wide & immediate delivery in Melbourne metro suburbs. Browse our â€¦,https://creamcharger.net.au/
194,whipped cream chargers,1,Aussiewhip | Whipped Cream | Cream Chargers | Cool Whip â€¦,WEB200 X Bestwhip MOSA Cream Chargers. Elevate Your Desserts with Nitrous Oxide Whipped Cream! Discover the Secret to Perfect Homemade Whipped Cream on Our â€¦,https://aussiewhip.com.au/
195,whipped cream chargers,1,Nitrous Oxide Cream Chargers | Delivery | Australia,WEBNitrous Oxide Cream Chargers is one of Australiaâ€™s leading cream charger and cream whipper retailer and wholesaler. Get cheap cream chargers with quick delivery.,https://nitrousoxidecreamchargers.com.au/
196,whipped cream chargers,1,Cream whipper Whipped cream dispenser Dessert Coffee Foam â€¦,"WEBMulti-functional, easy to decorate, easy to clean. Simply add heavy whipping cream from the market, powdered sugar to taste and any flavoring you would like. Shake the â€¦",https://www.bigw.com.au/product/cream-whipper-whipped-cream-dispenser-dessert-coffee-foam-whip-cream-chargers/p/9900056016
197,whipped cream chargers,1,Amazon.com.au: Whipped Cream Chargers,"WEBAmazon.com.au: Whipped Cream Chargers. 1-48 of 209 results for ""whipped cream chargers"" Results. Check each product page for other buying options. Price and other â€¦",https://www.amazon.com.au/whipped-cream-chargers/s?k=whipped+cream+chargers
198,whipped cream chargers,1,N2O Cream Chargers | Delivery | Australia,WEBN2O Cream Chargers is one of Australiaâ€™s leading cream charger and cream whipper retailer and wholesaler. Get the cheapest cream chargers with fast delivery.,https://n2ocreamchargers.com.au/
199,nangs delivery,0,Nangs Delivery & Cream Chargers Melbourne| Nangs Deliver,WEBExperience fast and reliable Cream Chargers & Nangs delivery services. Order your nangs with ease and convenience from Nangs Deliver. Shop now!,https://nangsdeliver.com.au/
200,nangs delivery,0,24/7 Nangs Deliver | Cream Chargers Delivered,"WEBOrder nangs, cream chargers and whippers online and get them delivered to your door in Melbourne. Choose from various brands, sizes and deals of nangs and nanganators.",https://nangsdelivery.au/
201,nangs delivery,0,Nang Delivery Melbourne 24/7 | Premium Cream Chargers,WEBYour Ultimate Destination for Seamless Nangs Delivery in Melbourne! Elevate Your Desserts with NangDeliveryâ€™s Premium Whipped Cream Chargers. Order Now and â€¦,https://nangdelivery.com.au/
202,nangs delivery,0,Home24/7Delivery Melbourne Sydney Australia | Cream Chargers,"WEBThe Home most trusted Nangs Delivery. Get nangs, cream chargers delivered across Melbourne and Sydney in Australia in 25 minutes, 24/7. Call us now: 0449877707",https://nangsqueen.com.au/
203,nangs delivery,0,"Nang Delivery Melbourne, Cream Chargers (Super â€¦","WEBFast Nang Delivery Across Melbourne. Click for Delivery Price & ETA. Delivery Time: Melbourne. Live ETA trackings, nangs delivered to your door within the hour. If not, free 10 pack of bulbs on request! Delivery â€¦",https://www.nangwizard.net/
204,nangs delivery,0,Nangs Delivery Sydney | 30 Min VIP Delivery | Real â€¦,"WEBMr Nangs is Sydney's fastest nangs delivery and cream chargers store, with over 60+ five star reviews. Free delivery across Sydney in under 30 minutes & open 24 hours.",https://www.mrnangs.com.au/
205,nangs delivery,0,Nang Delivery Melbourne: Cream Chargers Fastest â€¦,WEBNangsta is the fastest Nang Delivery Melbourne service! Need a whip cream charger delivery service? Get Nangs Delivered in throughout the Melbourne area now. Nangsta can deliver to your door immediately after â€¦,https://nangsta.com.au/
206,nangs delivery,0,Nangs Delivery - Reliable & Fastest Nang Delivery in â€¦,"WEBA Convenient Way to Purchase Nangs in Melbourne. We have been providing whipped cream products since 2019 and strive to make our nang delivery service as convenient as possible. To make it easy for you, just â€¦",https://mrnang.com.au/
207,nangs delivery,0,,"WEBMelbourne Nangs Delivery: Dedicated to serving the Melbourne area, Nangstuff.com.au has a reputation for being the Speedy Nangs delivery service in town with exceptional reliability. Quality Products : Offering a â€¦",https://nangstuff.com.au/
208,nangs delivery,0,Nangs Delivery â€“ Buy Cream Chargers and Whipped Cream â€¦,WEBWe stock a range of cream whipping products. We can also provide express delivery or immediate delivery in the Melbourne metro area. Showing 1â€“9 of 15 results.,https://nangsdelivery.com.au/shop
209,nangs delivery,1,"Nang Delivery Melbourne, Sydney & Brisbane Open 24/7",WEBWe specialize in cream chargers delivery and ensure timely and efficient service throughout the mentioned cities. Whether youâ€™re searching for â€œcream chargers delivery Melbourneâ€ â€¦,https://nangsdelivery.com/
210,nangs delivery,1,Nang Delivery Melbourne | Nangs Fast | Buy Cream Chargers,"WEBWe do Melbourne nangs delivery all across Greater Melbourne and surrounding areas. See more: Use our nang delivery service in Melbourne for MOSA cream chargers, â€¦",https://bestnangs.com.au/
211,nangs delivery,1,Nangstar Cream Chargers Delivery Nangs Delivery & Cream â€¦,"WEBNangStar, the ultimate destination for nangs and cream chargers delivery in Melbourne. With our lightning-fast ETA of 10-45 minutes (depending on your location), we guarantee â€¦",https://nangstar.com.au/
212,nangs delivery,1,Nangs Delivery Melbourne | Nang Delivery Melbourne 24/7 | Buy â€¦,"WEBNangs Delivery is one of Melbourneâ€™s leading whip cream charger and cream whipper delivery service, just like Creamsta or Nangsta. Nangs Delivery offers instant delivery, â€¦",https://nangsdelivery.com.au/
213,nangs delivery,1,Nang Delivery Sydney & Melbourne | Nangs 24 Hour Delivery,WEBFind the top nangs in Melbourne and Sydney with Ignitenang! We provide cream chargers and nangs 24 hour delivery service. Get the ultimate whipped cream experience.,https://ignitenang.com/
214,nangs delivery,1,All Night Nangs & Cream Chargers Delivery Melbourne - Nangchef,WEBAll Night Nangs & Cream chargers service delivery in Melbourne with average delivery time of only 27 minutes. Order online with Nangchef now!!,https://nangchef.com/
215,nangs delivery,1,Nangs Delivery Sydney | Fastest Delivery 24/7 | 3.3L For $50,"WEBNeed nangs in Sydney ASAP? We are trusted Nangs Delivery provider in Sydney. Get n20 canisters, cream chargers, tanks delivered across Sydney in 15-40 Mins.",https://nangsydney.com/
216,nangs delivery,1,Buy Nangs New South Wales (NSW) | Nangs Delivered - Nangs,WEBBuy Nangs in New South Wales. We sell and delivery whip cream chargers. New South Walesâ€™s best Nang delivery service! Purchase Whipped Cream Chargers and get them â€¦,https://nangs.net.au/aus/nsw
