,title,start_date,end_date,value,mid,isBreakout,level,parent,date_level,group_id
1,nitrous oxide,2020-01,2020-12,NA,NA,NA,1,NA,12 Months,1
2,nitrous oxide gas,2020-01,2020-12,100,NA,NA,2,nitrous oxide,12 Months,1
3,what is nitrous oxide,2020-01,2020-12,81,NA,NA,2,nitrous oxide,12 Months,1
4,nangs,2020-01,2020-12,76,NA,NA,2,nitrous oxide,12 Months,1
5,nitrous oxide effects,2020-01,2020-12,60,NA,NA,2,nitrous oxide,12 Months,1
6,nitrous oxide australia,2020-01,2020-12,60,NA,NA,2,nitrous oxide,12 Months,1
7,nitrogen oxide,2020-01,2020-12,42,NA,NA,2,nitrous oxide,12 Months,1
8,nitric oxide,2020-01,2020-12,34,NA,NA,2,nitrous oxide,12 Months,1
9,nitrous dioxide,2020-01,2020-12,33,NA,NA,2,nitrous oxide,12 Months,1
10,nos,2020-01,2020-12,31,NA,NA,2,nitrous oxide,12 Months,1
11,nang,2020-01,2020-12,30,NA,NA,2,nitrous oxide,12 Months,1
12,methane,2020-01,2020-12,29,NA,NA,2,nitrous oxide,12 Months,1
13,nitrous oxide canisters,2020-01,2020-12,27,NA,NA,2,nitrous oxide,12 Months,1
14,nitrous oxide whipped cream,2020-01,2020-12,26,NA,NA,2,nitrous oxide,12 Months,1
15,nitrous oxide formula,2020-01,2020-12,26,NA,NA,2,nitrous oxide,12 Months,1
16,nitrous oxide car,2020-01,2020-12,25,NA,NA,2,nitrous oxide,12 Months,1
17,nitrous oxide for sale,2020-01,2020-12,23,NA,NA,2,nitrous oxide,12 Months,1
18,carbon dioxide,2020-01,2020-12,21,NA,NA,2,nitrous oxide,12 Months,1
19,effects of nitrous oxide,2020-01,2020-12,21,NA,NA,2,nitrous oxide,12 Months,1
20,cream chargers,2020-01,2020-12,20,NA,NA,2,nitrous oxide,12 Months,1
21,nitrous oxide side effects,2020-01,2020-12,19,NA,NA,2,nitrous oxide,12 Months,1
22,nitrous oxide canister,2020-01,2020-12,19,NA,NA,2,nitrous oxide,12 Months,1
23,co2,2020-01,2020-12,19,NA,NA,2,nitrous oxide,12 Months,1
24,what does nitrous oxide do,2020-01,2020-12,18,NA,NA,2,nitrous oxide,12 Months,1
25,nitrous oxide sedation,2020-01,2020-12,18,NA,NA,2,nitrous oxide,12 Months,1
26,laughing gas,2020-01,2020-12,18,NA,NA,2,nitrous oxide,12 Months,1
27,laughing gas,2020-01,2020-12,100,NA,NA,3,nitrous oxide gas,12 Months,1
28,nitrous oxide greenhouse gas,2020-01,2020-12,99,NA,NA,3,nitrous oxide gas,12 Months,1
29,is nitrous oxide a greenhouse gas,2020-01,2020-12,48,NA,NA,3,nitrous oxide gas,12 Months,1
30,what is nitrous oxide used for,2020-01,2020-12,100,NA,NA,3,what is nitrous oxide,12 Months,1
31,where does nitrous oxide come from,2020-01,2020-12,40,NA,NA,3,what is nitrous oxide,12 Months,1
32,nangs delivery,2020-01,2020-12,100,NA,NA,3,nangs,12 Months,1
33,nangs melbourne,2020-01,2020-12,80,NA,NA,3,nangs,12 Months,1
34,what are nangs,2020-01,2020-12,57,NA,NA,3,nangs,12 Months,1
35,nangs buy,2020-01,2020-12,57,NA,NA,3,nangs,12 Months,1
36,nang,2020-01,2020-12,45,NA,NA,3,nangs,12 Months,1
37,nangs meaning,2020-01,2020-12,39,NA,NA,3,nangs,12 Months,1
38,nangs near me,2020-01,2020-12,37,NA,NA,3,nangs,12 Months,1
39,cream chargers,2020-01,2020-12,36,NA,NA,3,nangs,12 Months,1
40,nangs drug,2020-01,2020-12,34,NA,NA,3,nangs,12 Months,1
41,nitrous oxide,2020-01,2020-12,33,NA,NA,3,nangs,12 Months,1
42,what is nangs,2020-01,2020-12,32,NA,NA,3,nangs,12 Months,1
43,melbourne nangs delivery,2020-01,2020-12,32,NA,NA,3,nangs,12 Months,1
44,what do nangs do,2020-01,2020-12,29,NA,NA,3,nangs,12 Months,1
45,nangs effects,2020-01,2020-12,23,NA,NA,3,nangs,12 Months,1
46,nangs australia,2020-01,2020-12,20,NA,NA,3,nangs,12 Months,1
47,where to buy nangs,2020-01,2020-12,17,NA,NA,3,nangs,12 Months,1
48,nangs illegal,2020-01,2020-12,17,NA,NA,3,nangs,12 Months,1
49,nangs sydney,2020-01,2020-12,17,NA,NA,3,nangs,12 Months,1
50,how to do nangs,2020-01,2020-12,17,NA,NA,3,nangs,12 Months,1
51,nang delivery,2020-01,2020-12,17,NA,NA,3,nangs,12 Months,1
52,nags,2020-01,2020-12,16,NA,NA,3,nangs,12 Months,1
53,nangs delivery near me,2020-01,2020-12,16,NA,NA,3,nangs,12 Months,1
54,nangs buy melbourne,2020-01,2020-12,15,NA,NA,3,nangs,12 Months,1
55,nangs perth,2020-01,2020-12,14,NA,NA,3,nangs,12 Months,1
56,best nangs,2020-01,2020-12,13,NA,NA,3,nangs,12 Months,1
57,effects of nitrous oxide,2020-01,2020-12,100,NA,NA,3,nitrous oxide effects,12 Months,1
58,nitrous oxide side effects,2020-01,2020-12,89,NA,NA,3,nitrous oxide effects,12 Months,1
59,nangs,2020-01,2020-12,37,NA,NA,3,nitrous oxide effects,12 Months,1
60,nitrogen oxide formula,2020-01,2020-12,100,NA,NA,3,nitrogen oxide,12 Months,1
61,nitrous oxide,2020-01,2020-12,85,NA,NA,3,nitrogen oxide,12 Months,1
62,nitrogen dioxide,2020-01,2020-12,82,NA,NA,3,nitrogen oxide,12 Months,1
63,nitrogen gas,2020-01,2020-12,69,NA,NA,3,nitrogen oxide,12 Months,1
64,nitrogen oxide gas,2020-01,2020-12,61,NA,NA,3,nitrogen oxide,12 Months,1
65,nitric oxide,2020-01,2020-12,38,NA,NA,3,nitrogen oxide,12 Months,1
66,copper oxide,2020-01,2020-12,31,NA,NA,3,nitrogen oxide,12 Months,1
67,nitrogen monoxide,2020-01,2020-12,28,NA,NA,3,nitrogen oxide,12 Months,1
68,aluminium oxide,2020-01,2020-12,25,NA,NA,3,nitrogen oxide,12 Months,1
69,nitrogen dioxide formula,2020-01,2020-12,22,NA,NA,3,nitrogen oxide,12 Months,1
70,magnesium oxide,2020-01,2020-12,22,NA,NA,3,nitrogen oxide,12 Months,1
71,ammonia,2020-01,2020-12,21,NA,NA,3,nitrogen oxide,12 Months,1
72,periodic table,2020-01,2020-12,18,NA,NA,3,nitrogen oxide,12 Months,1
73,sulfur dioxide,2020-01,2020-12,15,NA,NA,3,nitrogen oxide,12 Months,1
74,nitric acid,2020-01,2020-12,11,NA,NA,3,nitrogen oxide,12 Months,1
75,nitrogen oxide effects,2020-01,2020-12,11,NA,NA,3,nitrogen oxide,12 Months,1
76,iron oxide,2020-01,2020-12,9,NA,NA,3,nitrogen oxide,12 Months,1
77,is nitrogen oxide a greenhouse gas,2020-01,2020-12,8,NA,NA,3,nitrogen oxide,12 Months,1
78,nitrogen trioxide,2020-01,2020-12,8,NA,NA,3,nitrogen oxide,12 Months,1
79,tell me the formula for nitrogen oxide,2020-01,2020-12,8,NA,NA,3,nitrogen oxide,12 Months,1
80,no3,2020-01,2020-12,6,NA,NA,3,nitrogen oxide,12 Months,1
81,carbon tetrachloride,2020-01,2020-12,5,NA,NA,3,nitrogen oxide,12 Months,1
82,nitric acid,2020-01,2020-12,100,NA,NA,3,nitric oxide,12 Months,1
83,nitric oxide supplement,2020-01,2020-12,76,NA,NA,3,nitric oxide,12 Months,1
84,nitric oxide formula,2020-01,2020-12,60,NA,NA,3,nitric oxide,12 Months,1
85,what is nitric oxide,2020-01,2020-12,55,NA,NA,3,nitric oxide,12 Months,1
86,nitric oxide supplements,2020-01,2020-12,52,NA,NA,3,nitric oxide,12 Months,1
87,nitrous oxide,2020-01,2020-12,49,NA,NA,3,nitric oxide,12 Months,1
88,nitric oxide foods,2020-01,2020-12,47,NA,NA,3,nitric oxide,12 Months,1
89,no,2020-01,2020-12,34,NA,NA,3,nitric oxide,12 Months,1
90,carbonate,2020-01,2020-12,29,NA,NA,3,nitric oxide,12 Months,1
91,calcium oxide,2020-01,2020-12,29,NA,NA,3,nitric oxide,12 Months,1
92,magnesium oxide,2020-01,2020-12,26,NA,NA,3,nitric oxide,12 Months,1
93,copper oxide,2020-01,2020-12,25,NA,NA,3,nitric oxide,12 Months,1
94,nitric oxide function,2020-01,2020-12,25,NA,NA,3,nitric oxide,12 Months,1
95,nitric acid formula,2020-01,2020-12,24,NA,NA,3,nitric oxide,12 Months,1
96,nitric oxide chemist warehouse,2020-01,2020-12,24,NA,NA,3,nitric oxide,12 Months,1
97,nitric oxide benefits,2020-01,2020-12,23,NA,NA,3,nitric oxide,12 Months,1
98,nitrogen oxide,2020-01,2020-12,23,NA,NA,3,nitric oxide,12 Months,1
99,nitric oxide synthase,2020-01,2020-12,21,NA,NA,3,nitric oxide,12 Months,1
100,sulfuric acid,2020-01,2020-12,20,NA,NA,3,nitric oxide,12 Months,1
101,potassium oxide,2020-01,2020-12,19,NA,NA,3,nitric oxide,12 Months,1
102,hydrochloric acid,2020-01,2020-12,17,NA,NA,3,nitric oxide,12 Months,1
103,sodium hydroxide,2020-01,2020-12,16,NA,NA,3,nitric oxide,12 Months,1
104,zinc oxide,2020-01,2020-12,15,NA,NA,3,nitric oxide,12 Months,1
105,nitric oxide dump,2020-01,2020-12,15,NA,NA,3,nitric oxide,12 Months,1
106,best nitric oxide supplement,2020-01,2020-12,15,NA,NA,3,nitric oxide,12 Months,1
107,nitrous oxide,2020-01,2020-12,100,NA,NA,3,nitrous dioxide,12 Months,1
108,carbon dioxide,2020-01,2020-12,78,NA,NA,3,nitrous dioxide,12 Months,1
109,nitrogen dioxide,2020-01,2020-12,53,NA,NA,3,nitrous dioxide,12 Months,1
110,methane,2020-01,2020-12,43,NA,NA,3,nitrous dioxide,12 Months,1
111,nitrogen oxide,2020-01,2020-12,38,NA,NA,3,nitrous dioxide,12 Months,1
112,nitrous acid,2020-01,2020-12,16,NA,NA,3,nitrous dioxide,12 Months,1
113,sulfur dioxide,2020-01,2020-12,15,NA,NA,3,nitrous dioxide,12 Months,1
114,no nos,2020-01,2020-12,100,NA,NA,3,nos,12 Months,1
115,liga nos,2020-01,2020-12,95,NA,NA,3,nos,12 Months,1
116,nos meaning,2020-01,2020-12,58,NA,NA,3,nos,12 Months,1
117,what is nos,2020-01,2020-12,54,NA,NA,3,nos,12 Months,1
118,nos nieuws,2020-01,2020-12,48,NA,NA,3,nos,12 Months,1
119,nos parts,2020-01,2020-12,46,NA,NA,3,nos,12 Months,1
120,nos nitrous,2020-01,2020-12,43,NA,NA,3,nos,12 Months,1
121,nos news,2020-01,2020-12,40,NA,NA,3,nos,12 Months,1
122,nos car,2020-01,2020-12,37,NA,NA,3,nos,12 Months,1
123,nos da,2020-01,2020-12,35,NA,NA,3,nos,12 Months,1
124,nos kit,2020-01,2020-12,35,NA,NA,3,nos,12 Months,1
125,nos bottle,2020-01,2020-12,27,NA,NA,3,nos,12 Months,1
126,covid nos today,2020-01,2020-12,21,NA,NA,3,nos,12 Months,1
127,nitrous oxide,2020-01,2020-12,20,NA,NA,3,nos,12 Months,1
128,nos vemos,2020-01,2020-12,20,NA,NA,3,nos,12 Months,1
129,nos drink,2020-01,2020-12,19,NA,NA,3,nos,12 Months,1
130,pdd nos,2020-01,2020-12,17,NA,NA,3,nos,12 Months,1
131,nos journaal,2020-01,2020-12,17,NA,NA,3,nos,12 Months,1
132,nps,2020-01,2020-12,16,NA,NA,3,nos,12 Months,1
133,nos energy drink,2020-01,2020-12,15,NA,NA,3,nos,12 Months,1
134,nos gas,2020-01,2020-12,14,NA,NA,3,nos,12 Months,1
135,what does nos mean,2020-01,2020-12,14,NA,NA,3,nos,12 Months,1
136,fast and furious,2020-01,2020-12,13,NA,NA,3,nos,12 Months,1
137,nos system,2020-01,2020-12,13,NA,NA,3,nos,12 Months,1
138,nos fast and furious,2020-01,2020-12,12,NA,NA,3,nos,12 Months,1
139,da nang,2020-01,2020-12,100,NA,NA,3,nang,12 Months,1
140,nang delivery,2020-01,2020-12,43,NA,NA,3,nang,12 Months,1
141,vietnam,2020-01,2020-12,23,NA,NA,3,nang,12 Months,1
142,da nang vietnam,2020-01,2020-12,22,NA,NA,3,nang,12 Months,1
143,ning nang,2020-01,2020-12,21,NA,NA,3,nang,12 Months,1
144,ning nang nong,2020-01,2020-12,20,NA,NA,3,nang,12 Months,1
145,ao nang,2020-01,2020-12,15,NA,NA,3,nang,12 Months,1
146,nang an,2020-01,2020-12,13,NA,NA,3,nang,12 Months,1
147,nang cracker,2020-01,2020-12,13,NA,NA,3,nang,12 Months,1
148,nangs,2020-01,2020-12,12,NA,NA,3,nang,12 Months,1
149,what is nang,2020-01,2020-12,11,NA,NA,3,nang,12 Months,1
150,nang city,2020-01,2020-12,10,NA,NA,3,nang,12 Months,1
151,hoi an,2020-01,2020-12,9,NA,NA,3,nang,12 Months,1
152,nang sydney,2020-01,2020-12,8,NA,NA,3,nang,12 Months,1
153,what is a nang,2020-01,2020-12,8,NA,NA,3,nang,12 Months,1
154,melbourne nang delivery,2020-01,2020-12,8,NA,NA,3,nang,12 Months,1
155,the ning nang nong,2020-01,2020-12,7,NA,NA,3,nang,12 Months,1
156,nang meaning,2020-01,2020-12,7,NA,NA,3,nang,12 Months,1
157,hanoi,2020-01,2020-12,6,NA,NA,3,nang,12 Months,1
158,ao nang beach,2020-01,2020-12,5,NA,NA,3,nang,12 Months,1
159,danang,2020-01,2020-12,5,NA,NA,3,nang,12 Months,1
160,da nang to hoi an,2020-01,2020-12,5,NA,NA,3,nang,12 Months,1
161,da nang weather,2020-01,2020-12,5,NA,NA,3,nang,12 Months,1
162,ning nang nong song,2020-01,2020-12,5,NA,NA,3,nang,12 Months,1
163,ao nang krabi,2020-01,2020-12,5,NA,NA,3,nang,12 Months,1
164,methane gas,2020-01,2020-12,100,NA,NA,3,methane,12 Months,1
165,what is methane,2020-01,2020-12,75,NA,NA,3,methane,12 Months,1
166,methane formula,2020-01,2020-12,43,NA,NA,3,methane,12 Months,1
167,water,2020-01,2020-12,40,NA,NA,3,methane,12 Months,1
168,hydrogen,2020-01,2020-12,35,NA,NA,3,methane,12 Months,1
169,carbon dioxide,2020-01,2020-12,33,NA,NA,3,methane,12 Months,1
170,methane combustion,2020-01,2020-12,31,NA,NA,3,methane,12 Months,1
171,combustion,2020-01,2020-12,30,NA,NA,3,methane,12 Months,1
172,methane cows,2020-01,2020-12,25,NA,NA,3,methane,12 Months,1
173,oxygen,2020-01,2020-12,23,NA,NA,3,methane,12 Months,1
174,methane emissions,2020-01,2020-12,23,NA,NA,3,methane,12 Months,1
175,combustion of methane,2020-01,2020-12,23,NA,NA,3,methane,12 Months,1
176,what is methane gas,2020-01,2020-12,19,NA,NA,3,methane,12 Months,1
177,co2,2020-01,2020-12,19,NA,NA,3,methane,12 Months,1
178,ammonia,2020-01,2020-12,16,NA,NA,3,methane,12 Months,1
179,ethane,2020-01,2020-12,16,NA,NA,3,methane,12 Months,1
180,methane meaning,2020-01,2020-12,15,NA,NA,3,methane,12 Months,1
181,formula of methane,2020-01,2020-12,14,NA,NA,3,methane,12 Months,1
182,methane molecule,2020-01,2020-12,14,NA,NA,3,methane,12 Months,1
183,methane chemical formula,2020-01,2020-12,14,NA,NA,3,methane,12 Months,1
184,propane,2020-01,2020-12,14,NA,NA,3,methane,12 Months,1
185,methane greenhouse gas,2020-01,2020-12,13,NA,NA,3,methane,12 Months,1
186,mr methane,2020-01,2020-12,12,NA,NA,3,methane,12 Months,1
187,natural gas,2020-01,2020-12,12,NA,NA,3,methane,12 Months,1
188,methane combustion equation,2020-01,2020-12,12,NA,NA,3,methane,12 Months,1
189,nitrous oxide canisters for sale,2020-01,2020-12,100,NA,NA,3,nitrous oxide canisters,12 Months,1
190,what is nitrous oxide,2021-01,2021-12,100,NA,NA,2,nitrous oxide,12 Months,1
191,nitrous oxide effects,2021-01,2021-12,86,NA,NA,2,nitrous oxide,12 Months,1
192,nangs,2021-01,2021-12,67,NA,NA,2,nitrous oxide,12 Months,1
193,nitrous oxide canisters,2021-01,2021-12,50,NA,NA,2,nitrous oxide,12 Months,1
194,nitric oxide,2021-01,2021-12,48,NA,NA,2,nitrous oxide,12 Months,1
195,nitrogen oxide,2021-01,2021-12,40,NA,NA,2,nitrous oxide,12 Months,1
196,nitrous oxide use,2021-01,2021-12,39,NA,NA,2,nitrous oxide,12 Months,1
197,nitrous oxide buy,2021-01,2021-12,36,NA,NA,2,nitrous oxide,12 Months,1
198,methane,2021-01,2021-12,34,NA,NA,2,nitrous oxide,12 Months,1
199,nitrous oxide side effects,2021-01,2021-12,28,NA,NA,2,nitrous oxide,12 Months,1
200,nitrous oxide whipped cream,2021-01,2021-12,28,NA,NA,2,nitrous oxide,12 Months,1
201,effects of nitrous oxide,2021-01,2021-12,27,NA,NA,2,nitrous oxide,12 Months,1
202,nitrous oxide formula,2021-01,2021-12,26,NA,NA,2,nitrous oxide,12 Months,1
203,nitrous oxide car,2021-01,2021-12,26,NA,NA,2,nitrous oxide,12 Months,1
204,nos,2021-01,2021-12,24,NA,NA,2,nitrous oxide,12 Months,1
205,what does nitrous oxide do,2021-01,2021-12,22,NA,NA,2,nitrous oxide,12 Months,1
206,nitrous oxide laughing gas,2021-01,2021-12,20,NA,NA,2,nitrous oxide,12 Months,1
207,nitrous oxide greenhouse gas,2021-01,2021-12,20,NA,NA,2,nitrous oxide,12 Months,1
208,laughing gas,2021-01,2021-12,19,NA,NA,2,nitrous oxide,12 Months,1
209,cream chargers,2021-01,2021-12,18,NA,NA,2,nitrous oxide,12 Months,1
210,nitrous oxide flammable,2021-01,2021-12,18,NA,NA,2,nitrous oxide,12 Months,1
211,nitrous oxide dentist,2021-01,2021-12,18,NA,NA,2,nitrous oxide,12 Months,1
212,nitrous oxide emissions,2021-01,2021-12,17,NA,NA,2,nitrous oxide,12 Months,1
213,nang,2021-01,2021-12,17,NA,NA,2,nitrous oxide,12 Months,1
214,nitrous oxide for sale,2021-01,2021-12,17,NA,NA,2,nitrous oxide,12 Months,1
215,what is nitrous oxide used for,2021-01,2021-12,100,NA,NA,3,what is nitrous oxide,12 Months,1
216,effects of nitrous oxide,2021-01,2021-12,100,NA,NA,3,nitrous oxide effects,12 Months,1
217,nitrous oxide side effects,2021-01,2021-12,79,NA,NA,3,nitrous oxide effects,12 Months,1
218,nitrous oxide effects on brain,2021-01,2021-12,8,NA,NA,3,nitrous oxide effects,12 Months,1
219,nangs delivery,2021-01,2021-12,100,NA,NA,3,nangs,12 Months,1
220,nangs melbourne,2021-01,2021-12,77,NA,NA,3,nangs,12 Months,1
221,what are nangs,2021-01,2021-12,48,NA,NA,3,nangs,12 Months,1
222,nangs meaning,2021-01,2021-12,47,NA,NA,3,nangs,12 Months,1
223,nangs buy,2021-01,2021-12,46,NA,NA,3,nangs,12 Months,1
224,nang,2021-01,2021-12,41,NA,NA,3,nangs,12 Months,1
225,nangs delivery melbourne,2021-01,2021-12,33,NA,NA,3,nangs,12 Months,1
226,nangs near me,2021-01,2021-12,31,NA,NA,3,nangs,12 Months,1
227,nangs cream chargers,2021-01,2021-12,29,NA,NA,3,nangs,12 Months,1
228,cream chargers,2021-01,2021-12,29,NA,NA,3,nangs,12 Months,1
229,what is nangs,2021-01,2021-12,27,NA,NA,3,nangs,12 Months,1
230,what do nangs do,2021-01,2021-12,26,NA,NA,3,nangs,12 Months,1
231,nangs drug,2021-01,2021-12,25,NA,NA,3,nangs,12 Months,1
232,nitrous oxide,2021-01,2021-12,20,NA,NA,3,nangs,12 Months,1
233,nangs australia,2021-01,2021-12,19,NA,NA,3,nangs,12 Months,1
234,nangs perth,2021-01,2021-12,17,NA,NA,3,nangs,12 Months,1
235,nang delivery,2021-01,2021-12,16,NA,NA,3,nangs,12 Months,1
236,where to buy nangs,2021-01,2021-12,13,NA,NA,3,nangs,12 Months,1
237,nags,2021-01,2021-12,13,NA,NA,3,nangs,12 Months,1
238,nangs sydney,2021-01,2021-12,13,NA,NA,3,nangs,12 Months,1
239,nangs illegal,2021-01,2021-12,12,NA,NA,3,nangs,12 Months,1
240,nangs buy melbourne,2021-01,2021-12,12,NA,NA,3,nangs,12 Months,1
241,best nangs,2021-01,2021-12,12,NA,NA,3,nangs,12 Months,1
242,all night nangs,2021-01,2021-12,11,NA,NA,3,nangs,12 Months,1
243,nangs delivery near me,2021-01,2021-12,11,NA,NA,3,nangs,12 Months,1
244,nangs,2021-01,2021-12,100,NA,NA,3,nitrous oxide canisters,12 Months,1
245,nitric oxide supplement,2021-01,2021-12,100,NA,NA,3,nitric oxide,12 Months,1
246,nitric acid,2021-01,2021-12,98,NA,NA,3,nitric oxide,12 Months,1
247,nitric oxide foods,2021-01,2021-12,81,NA,NA,3,nitric oxide,12 Months,1
248,what is nitric oxide,2021-01,2021-12,80,NA,NA,3,nitric oxide,12 Months,1
249,nitric oxide supplements,2021-01,2021-12,75,NA,NA,3,nitric oxide,12 Months,1
250,nitrous oxide,2021-01,2021-12,62,NA,NA,3,nitric oxide,12 Months,1
251,increase nitric oxide,2021-01,2021-12,51,NA,NA,3,nitric oxide,12 Months,1
252,nitric oxide chemist warehouse,2021-01,2021-12,49,NA,NA,3,nitric oxide,12 Months,1
253,nitric oxide benefits,2021-01,2021-12,35,NA,NA,3,nitric oxide,12 Months,1
254,nitric oxide gas,2021-01,2021-12,35,NA,NA,3,nitric oxide,12 Months,1
255,nitric oxide formula,2021-01,2021-12,34,NA,NA,3,nitric oxide,12 Months,1
256,nitrogen oxide,2021-01,2021-12,24,NA,NA,3,nitric oxide,12 Months,1
257,beetroot nitric oxide,2021-01,2021-12,23,NA,NA,3,nitric oxide,12 Months,1
258,no,2021-01,2021-12,23,NA,NA,3,nitric oxide,12 Months,1
259,sulfuric acid,2021-01,2021-12,21,NA,NA,3,nitric oxide,12 Months,1
260,nitric acid formula,2021-01,2021-12,21,NA,NA,3,nitric oxide,12 Months,1
261,nitric oxide nasal spray,2021-01,2021-12,19,NA,NA,3,nitric oxide,12 Months,1
262,best nitric oxide supplement,2021-01,2021-12,19,NA,NA,3,nitric oxide,12 Months,1
263,l arginine,2021-01,2021-12,17,NA,NA,3,nitric oxide,12 Months,1
264,nitric oxide booster,2021-01,2021-12,16,NA,NA,3,nitric oxide,12 Months,1
265,copper oxide,2021-01,2021-12,16,NA,NA,3,nitric oxide,12 Months,1
266,sodium hydroxide,2021-01,2021-12,14,NA,NA,3,nitric oxide,12 Months,1
267,nitric oxide side effects,2021-01,2021-12,13,NA,NA,3,nitric oxide,12 Months,1
268,nitric oxide function,2021-01,2021-12,12,NA,NA,3,nitric oxide,12 Months,1
269,inhaled nitric oxide,2021-01,2021-12,12,NA,NA,3,nitric oxide,12 Months,1
270,nitrogen oxide formula,2021-01,2021-12,100,NA,NA,3,nitrogen oxide,12 Months,1
271,nitrous oxide,2021-01,2021-12,87,NA,NA,3,nitrogen oxide,12 Months,1
272,nitrogen dioxide,2021-01,2021-12,69,NA,NA,3,nitrogen oxide,12 Months,1
273,nitric oxide,2021-01,2021-12,38,NA,NA,3,nitrogen oxide,12 Months,1
274,nitrate,2021-01,2021-12,34,NA,NA,3,nitrogen oxide,12 Months,1
275,tell me the formula for nitrogen oxide,2021-01,2021-12,24,NA,NA,3,nitrogen oxide,12 Months,1
276,periodic table,2021-01,2021-12,24,NA,NA,3,nitrogen oxide,12 Months,1
277,nitrogen monoxide,2021-01,2021-12,23,NA,NA,3,nitrogen oxide,12 Months,1
278,aluminium oxide,2021-01,2021-12,18,NA,NA,3,nitrogen oxide,12 Months,1
279,ammonia,2021-01,2021-12,18,NA,NA,3,nitrogen oxide,12 Months,1
280,nitrogen dioxide formula,2021-01,2021-12,16,NA,NA,3,nitrogen oxide,12 Months,1
281,liquid nitrogen,2021-01,2021-12,14,NA,NA,3,nitrogen oxide,12 Months,1
282,tell me the formula for sodium hypobromite,2021-01,2021-12,10,NA,NA,3,nitrogen oxide,12 Months,1
283,tell me the formula for sodium hydride,2021-01,2021-12,8,NA,NA,3,nitrogen oxide,12 Months,1
284,nitrous oxide canisters,2021-01,2021-12,100,NA,NA,3,nitrous oxide buy,12 Months,1
285,methane gas,2021-01,2021-12,100,NA,NA,3,methane,12 Months,1
286,what is methane,2021-01,2021-12,65,NA,NA,3,methane,12 Months,1
287,hydrogen,2021-01,2021-12,38,NA,NA,3,methane,12 Months,1
288,methane formula,2021-01,2021-12,38,NA,NA,3,methane,12 Months,1
289,methane emissions,2021-01,2021-12,33,NA,NA,3,methane,12 Months,1
290,carbon dioxide,2021-01,2021-12,25,NA,NA,3,methane,12 Months,1
291,co2,2021-01,2021-12,23,NA,NA,3,methane,12 Months,1
292,methane combustion,2021-01,2021-12,21,NA,NA,3,methane,12 Months,1
293,what is methane gas,2021-01,2021-12,17,NA,NA,3,methane,12 Months,1
294,combustion of methane,2021-01,2021-12,14,NA,NA,3,methane,12 Months,1
295,ammonia,2021-01,2021-12,14,NA,NA,3,methane,12 Months,1
296,methane meaning,2021-01,2021-12,13,NA,NA,3,methane,12 Months,1
297,natural gas,2021-01,2021-12,13,NA,NA,3,methane,12 Months,1
298,ethane,2021-01,2021-12,12,NA,NA,3,methane,12 Months,1
299,mr methane,2021-01,2021-12,12,NA,NA,3,methane,12 Months,1
300,methane greenhouse gas,2021-01,2021-12,11,NA,NA,3,methane,12 Months,1
301,global warming,2021-01,2021-12,11,NA,NA,3,methane,12 Months,1
302,climate change,2021-01,2021-12,11,NA,NA,3,methane,12 Months,1
303,methane chemical formula,2021-01,2021-12,11,NA,NA,3,methane,12 Months,1
304,propane,2021-01,2021-12,10,NA,NA,3,methane,12 Months,1
305,burning methane,2021-01,2021-12,9,NA,NA,3,methane,12 Months,1
306,methane molecule,2021-01,2021-12,9,NA,NA,3,methane,12 Months,1
307,methane sibo,2021-01,2021-12,9,NA,NA,3,methane,12 Months,1
308,greenhouse gases,2021-01,2021-12,8,NA,NA,3,methane,12 Months,1
309,formula for methane,2021-01,2021-12,8,NA,NA,3,methane,12 Months,1
310,side effects of nitrous oxide,2021-01,2021-12,100,NA,NA,3,nitrous oxide side effects,12 Months,1
311,whipped cream chargers,2021-01,2021-12,100,NA,NA,3,nitrous oxide whipped cream,12 Months,1
312,nitrous oxide canisters,2021-01,2021-12,79,NA,NA,3,nitrous oxide whipped cream,12 Months,1
313,whipped cream dispenser,2021-01,2021-12,64,NA,NA,3,nitrous oxide whipped cream,12 Months,1
314,side effects of nitrous oxide,2021-01,2021-12,100,NA,NA,3,effects of nitrous oxide,12 Months,1
315,what is nitrous oxide,2022-01,2022-12,100,NA,NA,2,nitrous oxide,12 Months,1
316,nitrous oxide gas,2022-01,2022-12,97,NA,NA,2,nitrous oxide,12 Months,1
317,nitrous oxide effects,2022-01,2022-12,62,NA,NA,2,nitrous oxide,12 Months,1
318,nangs,2022-01,2022-12,49,NA,NA,2,nitrous oxide,12 Months,1
319,nitrous oxide canisters,2022-01,2022-12,47,NA,NA,2,nitrous oxide,12 Months,1
320,nitrogen,2022-01,2022-12,46,NA,NA,2,nitrous oxide,12 Months,1
321,nitrous oxide use,2022-01,2022-12,38,NA,NA,2,nitrous oxide,12 Months,1
322,nitric oxide,2022-01,2022-12,37,NA,NA,2,nitrous oxide,12 Months,1
323,methane,2022-01,2022-12,35,NA,NA,2,nitrous oxide,12 Months,1
324,nitrous oxide formula,2022-01,2022-12,27,NA,NA,2,nitrous oxide,12 Months,1
325,carbon dioxide,2022-01,2022-12,25,NA,NA,2,nitrous oxide,12 Months,1
326,buy nitrous oxide,2022-01,2022-12,24,NA,NA,2,nitrous oxide,12 Months,1
327,nang,2022-01,2022-12,23,NA,NA,2,nitrous oxide,12 Months,1
328,nitrous oxide whipped cream,2022-01,2022-12,22,NA,NA,2,nitrous oxide,12 Months,1
329,nitrous oxide greenhouse gas,2022-01,2022-12,22,NA,NA,2,nitrous oxide,12 Months,1
330,effects of nitrous oxide,2022-01,2022-12,21,NA,NA,2,nitrous oxide,12 Months,1
331,nitrous oxide dental,2022-01,2022-12,21,NA,NA,2,nitrous oxide,12 Months,1
332,nitrous oxide side effects,2022-01,2022-12,19,NA,NA,2,nitrous oxide,12 Months,1
333,nitrous oxide laughing gas,2022-01,2022-12,19,NA,NA,2,nitrous oxide,12 Months,1
334,laughing gas,2022-01,2022-12,17,NA,NA,2,nitrous oxide,12 Months,1
335,what is nitrous oxide used for,2022-01,2022-12,16,NA,NA,2,nitrous oxide,12 Months,1
336,cream chargers,2022-01,2022-12,16,NA,NA,2,nitrous oxide,12 Months,1
337,nos,2022-01,2022-12,15,NA,NA,2,nitrous oxide,12 Months,1
338,greenhouse gases,2022-01,2022-12,15,NA,NA,2,nitrous oxide,12 Months,1
339,no2,2022-01,2022-12,15,NA,NA,2,nitrous oxide,12 Months,1
340,what is nitrous oxide used for,2022-01,2022-12,100,NA,NA,3,what is nitrous oxide,12 Months,1
341,methane,2022-01,2022-12,79,NA,NA,3,what is nitrous oxide,12 Months,1
342,carbon dioxide,2022-01,2022-12,77,NA,NA,3,what is nitrous oxide,12 Months,1
343,is nitrous oxide a greenhouse gas,2022-01,2022-12,37,NA,NA,3,what is nitrous oxide,12 Months,1
344,what is nitrous oxide made of,2022-01,2022-12,34,NA,NA,3,what is nitrous oxide,12 Months,1
345,nitrous oxide canisters,2022-01,2022-12,27,NA,NA,3,what is nitrous oxide,12 Months,1
346,where does nitrous oxide come from,2022-01,2022-12,17,NA,NA,3,what is nitrous oxide,12 Months,1
347,nitrous oxide effects,2022-01,2022-12,15,NA,NA,3,what is nitrous oxide,12 Months,1
348,nitrous oxide greenhouse gas,2022-01,2022-12,100,NA,NA,3,nitrous oxide gas,12 Months,1
349,laughing gas,2022-01,2022-12,75,NA,NA,3,nitrous oxide gas,12 Months,1
350,nitrous oxide laughing gas,2022-01,2022-12,73,NA,NA,3,nitrous oxide gas,12 Months,1
351,is nitrous oxide a greenhouse gas,2022-01,2022-12,51,NA,NA,3,nitrous oxide gas,12 Months,1
352,greenhouse gases,2022-01,2022-12,41,NA,NA,3,nitrous oxide gas,12 Months,1
353,nitrous oxide effects,2022-01,2022-12,38,NA,NA,3,nitrous oxide gas,12 Months,1
354,nitrous oxide canisters,2022-01,2022-12,10,NA,NA,3,nitrous oxide gas,12 Months,1
355,effects of nitrous oxide,2022-01,2022-12,100,NA,NA,3,nitrous oxide effects,12 Months,1
356,nitrous oxide side effects,2022-01,2022-12,88,NA,NA,3,nitrous oxide effects,12 Months,1
357,side effects of nitrous oxide,2022-01,2022-12,31,NA,NA,3,nitrous oxide effects,12 Months,1
358,nitrous oxide effects on brain,2022-01,2022-12,13,NA,NA,3,nitrous oxide effects,12 Months,1
359,nangs delivery,2022-01,2022-12,100,NA,NA,3,nangs,12 Months,1
360,nangs melbourne,2022-01,2022-12,84,NA,NA,3,nangs,12 Months,1
361,nangs meaning,2022-01,2022-12,64,NA,NA,3,nangs,12 Months,1
362,what are nangs,2022-01,2022-12,60,NA,NA,3,nangs,12 Months,1
363,nang,2022-01,2022-12,60,NA,NA,3,nangs,12 Months,1
364,buy nangs,2022-01,2022-12,52,NA,NA,3,nangs,12 Months,1
365,what is nangs,2022-01,2022-12,42,NA,NA,3,nangs,12 Months,1
366,nangs effects,2022-01,2022-12,37,NA,NA,3,nangs,12 Months,1
367,nangs near me,2022-01,2022-12,36,NA,NA,3,nangs,12 Months,1
368,nitrous oxide,2022-01,2022-12,36,NA,NA,3,nangs,12 Months,1
369,nangs drug,2022-01,2022-12,36,NA,NA,3,nangs,12 Months,1
370,what do nangs do,2022-01,2022-12,36,NA,NA,3,nangs,12 Months,1
371,nangs cream chargers,2022-01,2022-12,35,NA,NA,3,nangs,12 Months,1
372,cream chargers,2022-01,2022-12,35,NA,NA,3,nangs,12 Months,1
373,nangs australia,2022-01,2022-12,35,NA,NA,3,nangs,12 Months,1
374,nitrous oxide nangs,2022-01,2022-12,35,NA,NA,3,nangs,12 Months,1
375,nangs sydney,2022-01,2022-12,24,NA,NA,3,nangs,12 Months,1
376,nangs side effects,2022-01,2022-12,23,NA,NA,3,nangs,12 Months,1
377,nangs delivery melbourne,2022-01,2022-12,22,NA,NA,3,nangs,12 Months,1
378,how to do nangs,2022-01,2022-12,19,NA,NA,3,nangs,12 Months,1
379,nangs illegal,2022-01,2022-12,18,NA,NA,3,nangs,12 Months,1
380,nang delivery,2022-01,2022-12,18,NA,NA,3,nangs,12 Months,1
381,all night nangs,2022-01,2022-12,17,NA,NA,3,nangs,12 Months,1
382,best nangs,2022-01,2022-12,16,NA,NA,3,nangs,12 Months,1
383,nags,2022-01,2022-12,15,NA,NA,3,nangs,12 Months,1
384,buy nitrous oxide canisters,2022-01,2022-12,100,NA,NA,3,nitrous oxide canisters,12 Months,1
385,what is nitrogen,2022-01,2022-12,100,NA,NA,3,nitrogen,12 Months,1
386,liquid nitrogen,2022-01,2022-12,72,NA,NA,3,nitrogen,12 Months,1
387,carbon,2022-01,2022-12,51,NA,NA,3,nitrogen,12 Months,1
388,nitrogen gas,2022-01,2022-12,49,NA,NA,3,nitrogen,12 Months,1
389,nitrogen cycle,2022-01,2022-12,44,NA,NA,3,nitrogen,12 Months,1
390,oxygen,2022-01,2022-12,43,NA,NA,3,nitrogen,12 Months,1
391,nitrogen fertilizer,2022-01,2022-12,32,NA,NA,3,nitrogen,12 Months,1
392,hydrogen,2022-01,2022-12,30,NA,NA,3,nitrogen,12 Months,1
393,nitrogen dioxide,2022-01,2022-12,28,NA,NA,3,nitrogen,12 Months,1
394,nitrogen formula,2022-01,2022-12,26,NA,NA,3,nitrogen,12 Months,1
395,nitrogen periodic table,2022-01,2022-12,24,NA,NA,3,nitrogen,12 Months,1
396,periodic table,2022-01,2022-12,24,NA,NA,3,nitrogen,12 Months,1
397,nitrogen oxide,2022-01,2022-12,24,NA,NA,3,nitrogen,12 Months,1
398,nitrogen mass,2022-01,2022-12,22,NA,NA,3,nitrogen,12 Months,1
399,the nitrogen cycle,2022-01,2022-12,22,NA,NA,3,nitrogen,12 Months,1
400,phosphorus,2022-01,2022-12,20,NA,NA,3,nitrogen,12 Months,1
401,nitrogen electrons,2022-01,2022-12,18,NA,NA,3,nitrogen,12 Months,1
402,nitrogen element,2022-01,2022-12,17,NA,NA,3,nitrogen,12 Months,1
403,nitrogen fertiliser,2022-01,2022-12,17,NA,NA,3,nitrogen,12 Months,1
404,nitrogen in soil,2022-01,2022-12,16,NA,NA,3,nitrogen,12 Months,1
405,ammonia,2022-01,2022-12,16,NA,NA,3,nitrogen,12 Months,1
406,atmosphere,2022-01,2022-12,16,NA,NA,3,nitrogen,12 Months,1
407,sodium,2022-01,2022-12,15,NA,NA,3,nitrogen,12 Months,1
408,potassium,2022-01,2022-12,15,NA,NA,3,nitrogen,12 Months,1
409,mass of nitrogen,2022-01,2022-12,15,NA,NA,3,nitrogen,12 Months,1
410,nitrous oxide canisters,2022-01,2022-12,100,NA,NA,3,nitrous oxide use,12 Months,1
411,nitric oxide supplements,2022-01,2022-12,100,NA,NA,3,nitric oxide,12 Months,1
412,nitric acid,2022-01,2022-12,90,NA,NA,3,nitric oxide,12 Months,1
413,what is nitric oxide,2022-01,2022-12,72,NA,NA,3,nitric oxide,12 Months,1
414,nitric oxide foods,2022-01,2022-12,53,NA,NA,3,nitric oxide,12 Months,1
415,nitrous oxide,2022-01,2022-12,49,NA,NA,3,nitric oxide,12 Months,1
416,nitric oxide chemist warehouse,2022-01,2022-12,49,NA,NA,3,nitric oxide,12 Months,1
417,nitric oxide formula,2022-01,2022-12,48,NA,NA,3,nitric oxide,12 Months,1
418,nitric oxide supplement,2022-01,2022-12,48,NA,NA,3,nitric oxide,12 Months,1
419,increase nitric oxide,2022-01,2022-12,37,NA,NA,3,nitric oxide,12 Months,1
420,nitrate,2022-01,2022-12,34,NA,NA,3,nitric oxide,12 Months,1
421,sodium oxide,2022-01,2022-12,32,NA,NA,3,nitric oxide,12 Months,1
422,nitric oxide gas,2022-01,2022-12,31,NA,NA,3,nitric oxide,12 Months,1
423,nitrogen oxide,2022-01,2022-12,29,NA,NA,3,nitric oxide,12 Months,1
424,nitric acid formula,2022-01,2022-12,29,NA,NA,3,nitric oxide,12 Months,1
425,magnesium oxide,2022-01,2022-12,29,NA,NA,3,nitric oxide,12 Months,1
426,no,2022-01,2022-12,28,NA,NA,3,nitric oxide,12 Months,1
427,calcium oxide,2022-01,2022-12,24,NA,NA,3,nitric oxide,12 Months,1
428,nitric oxide benefits,2022-01,2022-12,23,NA,NA,3,nitric oxide,12 Months,1
429,nitric oxide spray,2022-01,2022-12,22,NA,NA,3,nitric oxide,12 Months,1
430,copper oxide,2022-01,2022-12,16,NA,NA,3,nitric oxide,12 Months,1
431,sodium hydroxide,2022-01,2022-12,16,NA,NA,3,nitric oxide,12 Months,1
432,nitric oxide booster,2022-01,2022-12,16,NA,NA,3,nitric oxide,12 Months,1
433,sulfuric acid,2022-01,2022-12,15,NA,NA,3,nitric oxide,12 Months,1
434,nitric oxide nasal spray,2022-01,2022-12,15,NA,NA,3,nitric oxide,12 Months,1
435,how to increase nitric oxide,2022-01,2022-12,15,NA,NA,3,nitric oxide,12 Months,1
436,methane gas,2022-01,2022-12,100,NA,NA,3,methane,12 Months,1
437,what is methane,2022-01,2022-12,83,NA,NA,3,methane,12 Months,1
438,methane formula,2022-01,2022-12,46,NA,NA,3,methane,12 Months,1
439,hydrogen,2022-01,2022-12,43,NA,NA,3,methane,12 Months,1
440,methane emissions,2022-01,2022-12,36,NA,NA,3,methane,12 Months,1
441,water,2022-01,2022-12,35,NA,NA,3,methane,12 Months,1
442,carbon dioxide,2022-01,2022-12,32,NA,NA,3,methane,12 Months,1
443,methane combustion,2022-01,2022-12,29,NA,NA,3,methane,12 Months,1
444,cows methane,2022-01,2022-12,27,NA,NA,3,methane,12 Months,1
445,combustion of methane,2022-01,2022-12,23,NA,NA,3,methane,12 Months,1
446,co2,2022-01,2022-12,22,NA,NA,3,methane,12 Months,1
447,what is methane gas,2022-01,2022-12,21,NA,NA,3,methane,12 Months,1
448,oxygen,2022-01,2022-12,20,NA,NA,3,methane,12 Months,1
449,atmosphere,2022-01,2022-12,20,NA,NA,3,methane,12 Months,1
450,methane meaning,2022-01,2022-12,20,NA,NA,3,methane,12 Months,1
451,ammonia,2022-01,2022-12,16,NA,NA,3,methane,12 Months,1
452,ethane,2022-01,2022-12,16,NA,NA,3,methane,12 Months,1
453,natural gas,2022-01,2022-12,15,NA,NA,3,methane,12 Months,1
454,cattle methane,2022-01,2022-12,15,NA,NA,3,methane,12 Months,1
455,methane in atmosphere,2022-01,2022-12,15,NA,NA,3,methane,12 Months,1
456,propane,2022-01,2022-12,14,NA,NA,3,methane,12 Months,1
457,methane structure,2022-01,2022-12,14,NA,NA,3,methane,12 Months,1
458,methane chemical formula,2022-01,2022-12,14,NA,NA,3,methane,12 Months,1
459,methane molecule,2022-01,2022-12,13,NA,NA,3,methane,12 Months,1
460,climate change,2022-01,2022-12,13,NA,NA,3,methane,12 Months,1
461,nitrous oxide chemical formula,2022-01,2022-12,100,NA,NA,3,nitrous oxide formula,12 Months,1
462,chemical formula for nitrous oxide,2022-01,2022-12,33,NA,NA,3,nitrous oxide formula,12 Months,1
463,what is carbon dioxide,2022-01,2022-12,100,NA,NA,3,carbon dioxide,12 Months,1
464,what is carbon,2022-01,2022-12,99,NA,NA,3,carbon dioxide,12 Months,1
465,oxygen,2022-01,2022-12,46,NA,NA,3,carbon dioxide,12 Months,1
466,carbon dioxide gas,2022-01,2022-12,36,NA,NA,3,carbon dioxide,12 Months,1
467,oxygen and carbon dioxide,2022-01,2022-12,30,NA,NA,3,carbon dioxide,12 Months,1
468,co2,2022-01,2022-12,28,NA,NA,3,carbon dioxide,12 Months,1
469,atmosphere,2022-01,2022-12,25,NA,NA,3,carbon dioxide,12 Months,1
470,carbon dioxide and water,2022-01,2022-12,19,NA,NA,3,carbon dioxide,12 Months,1
471,carbon dioxide formula,2022-01,2022-12,19,NA,NA,3,carbon dioxide,12 Months,1
472,carbon dioxide in blood,2022-01,2022-12,19,NA,NA,3,carbon dioxide,12 Months,1
473,carbon dioxide in atmosphere,2022-01,2022-12,18,NA,NA,3,carbon dioxide,12 Months,1
474,what does carbon dioxide do,2022-01,2022-12,18,NA,NA,3,carbon dioxide,12 Months,1
475,carbon dioxide in the atmosphere,2022-01,2022-12,16,NA,NA,3,carbon dioxide,12 Months,1
476,is carbon dioxide a gas,2022-01,2022-12,15,NA,NA,3,carbon dioxide,12 Months,1
477,carbon monoxide,2022-01,2022-12,15,NA,NA,3,carbon dioxide,12 Months,1
478,carbon dioxide meaning,2022-01,2022-12,14,NA,NA,3,carbon dioxide,12 Months,1
479,hydrogen,2022-01,2022-12,14,NA,NA,3,carbon dioxide,12 Months,1
480,is co2 carbon dioxide,2022-01,2022-12,14,NA,NA,3,carbon dioxide,12 Months,1
481,photosynthesis,2022-01,2022-12,14,NA,NA,3,carbon dioxide,12 Months,1
482,carbon dioxide emissions,2022-01,2022-12,14,NA,NA,3,carbon dioxide,12 Months,1
483,carbon dioxide extinguisher,2022-01,2022-12,13,NA,NA,3,carbon dioxide,12 Months,1
484,respiration,2022-01,2022-12,12,NA,NA,3,carbon dioxide,12 Months,1
485,methane,2022-01,2022-12,12,NA,NA,3,carbon dioxide,12 Months,1
486,sodium,2022-01,2022-12,12,NA,NA,3,carbon dioxide,12 Months,1
487,nitrogen dioxide,2022-01,2022-12,12,NA,NA,3,carbon dioxide,12 Months,1
488,where to buy nitrous oxide,2022-01,2022-12,100,NA,NA,3,buy nitrous oxide,12 Months,1
489,buy nitrous oxide canisters,2022-01,2022-12,45,NA,NA,3,buy nitrous oxide,12 Months,1
490,what is nitrous oxide,2023-01,2023-12,100,NA,NA,2,nitrous oxide,12 Months,1
491,nitrous gas,2023-01,2023-12,100,NA,NA,2,nitrous oxide,12 Months,1
492,nitrous oxide gas,2023-01,2023-12,100,NA,NA,2,nitrous oxide,12 Months,1
493,nitrous oxide canisters,2023-01,2023-12,52,NA,NA,2,nitrous oxide,12 Months,1
494,nitrous oxide effects,2023-01,2023-12,49,NA,NA,2,nitrous oxide,12 Months,1
495,nangs,2023-01,2023-12,48,NA,NA,2,nitrous oxide,12 Months,1
496,nitrous oxide use,2023-01,2023-12,37,NA,NA,2,nitrous oxide,12 Months,1
497,nitric oxide,2023-01,2023-12,36,NA,NA,2,nitrous oxide,12 Months,1
498,methane,2023-01,2023-12,36,NA,NA,2,nitrous oxide,12 Months,1
499,nitrogen oxide,2023-01,2023-12,35,NA,NA,2,nitrous oxide,12 Months,1
500,nitrogen,2023-01,2023-12,35,NA,NA,2,nitrous oxide,12 Months,1
501,nitrous oxide poisoning,2023-01,2023-12,29,NA,NA,2,nitrous oxide,12 Months,1
502,nitrous oxide formula,2023-01,2023-12,28,NA,NA,2,nitrous oxide,12 Months,1
503,nitrous oxide drug,2023-01,2023-12,27,NA,NA,2,nitrous oxide,12 Months,1
504,carbon dioxide,2023-01,2023-12,27,NA,NA,2,nitrous oxide,12 Months,1
505,nitrous oxide greenhouse gas,2023-01,2023-12,24,NA,NA,2,nitrous oxide,12 Months,1
506,laughing gas,2023-01,2023-12,22,NA,NA,2,nitrous oxide,12 Months,1
507,what is nitrous oxide used for,2023-01,2023-12,21,NA,NA,2,nitrous oxide,12 Months,1
508,nang,2023-01,2023-12,21,NA,NA,2,nitrous oxide,12 Months,1
509,nitrous oxide buy,2023-01,2023-12,19,NA,NA,2,nitrous oxide,12 Months,1
510,nos,2023-01,2023-12,19,NA,NA,2,nitrous oxide,12 Months,1
511,nitrous oxide car,2023-01,2023-12,19,NA,NA,2,nitrous oxide,12 Months,1
512,nitrous oxide side effects,2023-01,2023-12,18,NA,NA,2,nitrous oxide,12 Months,1
513,nitrous oxide dental,2023-01,2023-12,18,NA,NA,2,nitrous oxide,12 Months,1
514,what does nitrous oxide do,2023-01,2023-12,18,NA,NA,2,nitrous oxide,12 Months,1
515,what is nitrous oxide used for,2023-01,2023-12,100,NA,NA,3,what is nitrous oxide,12 Months,1
516,nitrous oxide formula,2023-01,2023-12,34,NA,NA,3,what is nitrous oxide,12 Months,1
517,what is the greenhouse effect,2023-01,2023-12,26,NA,NA,3,what is nitrous oxide,12 Months,1
518,what is laughing gas,2023-01,2023-12,23,NA,NA,3,what is nitrous oxide,12 Months,1
519,periodic table,2023-01,2023-12,20,NA,NA,3,what is nitrous oxide,12 Months,1
520,where does nitrous oxide come from,2023-01,2023-12,8,NA,NA,3,what is nitrous oxide,12 Months,1
521,nitrous oxide,2023-01,2023-12,100,NA,NA,3,nitrous gas,12 Months,1
522,nitrous oxide gas,2023-01,2023-12,98,NA,NA,3,nitrous gas,12 Months,1
523,nitrous oxide greenhouse gas,2023-01,2023-12,23,NA,NA,3,nitrous gas,12 Months,1
524,laughing gas,2023-01,2023-12,20,NA,NA,3,nitrous gas,12 Months,1
525,is nitrous oxide a greenhouse gas,2023-01,2023-12,12,NA,NA,3,nitrous gas,12 Months,1
526,what is laughing gas,2023-01,2023-12,6,NA,NA,3,nitrous gas,12 Months,1
527,is methane a greenhouse gas,2023-01,2023-12,5,NA,NA,3,nitrous gas,12 Months,1
528,nitrous oxide formula,2023-01,2023-12,4,NA,NA,3,nitrous gas,12 Months,1
529,nitrous oxide greenhouse gas,2023-01,2023-12,100,NA,NA,3,nitrous oxide gas,12 Months,1
530,laughing gas,2023-01,2023-12,90,NA,NA,3,nitrous oxide gas,12 Months,1
531,is nitrous oxide a greenhouse gas,2023-01,2023-12,36,NA,NA,3,nitrous oxide gas,12 Months,1
532,what is laughing gas,2023-01,2023-12,24,NA,NA,3,nitrous oxide gas,12 Months,1
533,nitrous oxide formula,2023-01,2023-12,19,NA,NA,3,nitrous oxide gas,12 Months,1
534,nitric oxide,2023-01,2023-12,15,NA,NA,3,nitrous oxide gas,12 Months,1
535,is methane a greenhouse gas,2023-01,2023-12,12,NA,NA,3,nitrous oxide gas,12 Months,1
536,nitrous oxide canisters,2023-01,2023-12,8,NA,NA,3,nitrous oxide gas,12 Months,1
537,nangs,2023-01,2023-12,100,NA,NA,3,nitrous oxide canisters,12 Months,1
538,nitrous oxide side effects,2023-01,2023-12,100,NA,NA,3,nitrous oxide effects,12 Months,1
539,effects of nitrous oxide,2023-01,2023-12,75,NA,NA,3,nitrous oxide effects,12 Months,1
540,nitrous oxide effects on brain,2023-01,2023-12,23,NA,NA,3,nitrous oxide effects,12 Months,1
541,nangs,2023-01,2023-12,17,NA,NA,3,nitrous oxide effects,12 Months,1
542,what are nangs,2023-01,2023-12,100,NA,NA,3,nangs,12 Months,1
543,nangs meaning,2023-01,2023-12,95,NA,NA,3,nangs,12 Months,1
544,nangs delivery,2023-01,2023-12,75,NA,NA,3,nangs,12 Months,1
545,what is nangs,2023-01,2023-12,65,NA,NA,3,nangs,12 Months,1
546,nang,2023-01,2023-12,56,NA,NA,3,nangs,12 Months,1
547,nangs australia,2023-01,2023-12,46,NA,NA,3,nangs,12 Months,1
548,nangs effects,2023-01,2023-12,45,NA,NA,3,nangs,12 Months,1
549,melbourne nangs,2023-01,2023-12,42,NA,NA,3,nangs,12 Months,1
550,nitrous oxide nangs,2023-01,2023-12,40,NA,NA,3,nangs,12 Months,1
551,nitrous oxide,2023-01,2023-12,40,NA,NA,3,nangs,12 Months,1
552,what do nangs do,2023-01,2023-12,33,NA,NA,3,nangs,12 Months,1
553,nangs near me,2023-01,2023-12,32,NA,NA,3,nangs,12 Months,1
554,nangs side effects,2023-01,2023-12,30,NA,NA,3,nangs,12 Months,1
555,nangs sydney,2023-01,2023-12,29,NA,NA,3,nangs,12 Months,1
556,buy nangs,2023-01,2023-12,29,NA,NA,3,nangs,12 Months,1
557,nangs drug,2023-01,2023-12,27,NA,NA,3,nangs,12 Months,1
558,cream chargers,2023-01,2023-12,26,NA,NA,3,nangs,12 Months,1
559,nangs brisbane,2023-01,2023-12,23,NA,NA,3,nangs,12 Months,1
560,nags,2023-01,2023-12,19,NA,NA,3,nangs,12 Months,1
561,nang delivery,2023-01,2023-12,19,NA,NA,3,nangs,12 Months,1
562,whats nangs,2023-01,2023-12,17,NA,NA,3,nangs,12 Months,1
563,how to do nangs,2023-01,2023-12,15,NA,NA,3,nangs,12 Months,1
564,nangs delivery melbourne,2023-01,2023-12,15,NA,NA,3,nangs,12 Months,1
565,nangs addiction,2023-01,2023-12,15,NA,NA,3,nangs,12 Months,1
566,all night nangs,2023-01,2023-12,14,NA,NA,3,nangs,12 Months,1
567,nitrous oxide medical use,2023-01,2023-12,100,NA,NA,3,nitrous oxide use,12 Months,1
568,nitric oxide supplements,2023-01,2023-12,100,NA,NA,3,nitric oxide,12 Months,1
569,nitric acid,2023-01,2023-12,63,NA,NA,3,nitric oxide,12 Months,1
570,what is nitric oxide,2023-01,2023-12,63,NA,NA,3,nitric oxide,12 Months,1
571,nitric oxide foods,2023-01,2023-12,46,NA,NA,3,nitric oxide,12 Months,1
572,nitric oxide chemist warehouse,2023-01,2023-12,44,NA,NA,3,nitric oxide,12 Months,1
573,nitrous oxide,2023-01,2023-12,36,NA,NA,3,nitric oxide,12 Months,1
574,increase nitric oxide,2023-01,2023-12,35,NA,NA,3,nitric oxide,12 Months,1
575,nitric oxide benefits,2023-01,2023-12,33,NA,NA,3,nitric oxide,12 Months,1
576,nitric oxide formula,2023-01,2023-12,32,NA,NA,3,nitric oxide,12 Months,1
577,nitric oxide supplement,2023-01,2023-12,29,NA,NA,3,nitric oxide,12 Months,1
578,nitrate,2023-01,2023-12,27,NA,NA,3,nitric oxide,12 Months,1
579,nitrate oxide,2023-01,2023-12,27,NA,NA,3,nitric oxide,12 Months,1
580,no nitric oxide,2023-01,2023-12,26,NA,NA,3,nitric oxide,12 Months,1
581,no,2023-01,2023-12,25,NA,NA,3,nitric oxide,12 Months,1
582,magnesium oxide,2023-01,2023-12,23,NA,NA,3,nitric oxide,12 Months,1
583,nitrogen oxide,2023-01,2023-12,22,NA,NA,3,nitric oxide,12 Months,1
584,nitric oxide gas,2023-01,2023-12,20,NA,NA,3,nitric oxide,12 Months,1
585,nitric acid formula,2023-01,2023-12,19,NA,NA,3,nitric oxide,12 Months,1
586,beetroot nitric oxide,2023-01,2023-12,19,NA,NA,3,nitric oxide,12 Months,1
587,nitric oxide blood pressure,2023-01,2023-12,16,NA,NA,3,nitric oxide,12 Months,1
588,what does nitric oxide do,2023-01,2023-12,16,NA,NA,3,nitric oxide,12 Months,1
589,nitric oxide booster,2023-01,2023-12,15,NA,NA,3,nitric oxide,12 Months,1
590,nitric oxide boost,2023-01,2023-12,13,NA,NA,3,nitric oxide,12 Months,1
591,citrulline,2023-01,2023-12,13,NA,NA,3,nitric oxide,12 Months,1
592,nitric oxide test,2023-01,2023-12,13,NA,NA,3,nitric oxide,12 Months,1
593,methane gas,2023-01,2023-12,100,NA,NA,3,methane,12 Months,1
594,what is methane,2023-01,2023-12,92,NA,NA,3,methane,12 Months,1
595,methane formula,2023-01,2023-12,48,NA,NA,3,methane,12 Months,1
596,hydrogen,2023-01,2023-12,42,NA,NA,3,methane,12 Months,1
597,methane emissions,2023-01,2023-12,39,NA,NA,3,methane,12 Months,1
598,carbon dioxide,2023-01,2023-12,34,NA,NA,3,methane,12 Months,1
599,combustion,2023-01,2023-12,29,NA,NA,3,methane,12 Months,1
600,methane combustion,2023-01,2023-12,29,NA,NA,3,methane,12 Months,1
601,co2,2023-01,2023-12,28,NA,NA,3,methane,12 Months,1
602,cows methane,2023-01,2023-12,26,NA,NA,3,methane,12 Months,1
603,what is methane gas,2023-01,2023-12,26,NA,NA,3,methane,12 Months,1
604,oxygen,2023-01,2023-12,24,NA,NA,3,methane,12 Months,1
605,combustion of methane,2023-01,2023-12,22,NA,NA,3,methane,12 Months,1
606,is methane a gas,2023-01,2023-12,22,NA,NA,3,methane,12 Months,1
607,atmosphere,2023-01,2023-12,21,NA,NA,3,methane,12 Months,1
608,methane production,2023-01,2023-12,20,NA,NA,3,methane,12 Months,1
609,methane meaning,2023-01,2023-12,19,NA,NA,3,methane,12 Months,1
610,ammonia,2023-01,2023-12,18,NA,NA,3,methane,12 Months,1
611,methane greenhouse gas,2023-01,2023-12,18,NA,NA,3,methane,12 Months,1
612,ethane,2023-01,2023-12,16,NA,NA,3,methane,12 Months,1
613,natural gas,2023-01,2023-12,16,NA,NA,3,methane,12 Months,1
614,climate change,2023-01,2023-12,16,NA,NA,3,methane,12 Months,1
615,propane,2023-01,2023-12,15,NA,NA,3,methane,12 Months,1
616,cow methane,2023-01,2023-12,14,NA,NA,3,methane,12 Months,1
617,nitrogen,2023-01,2023-12,14,NA,NA,3,methane,12 Months,1
618,nitrogen formula,2023-01,2023-12,100,NA,NA,3,nitrogen oxide,12 Months,1
619,nitrogen oxide formula,2023-01,2023-12,98,NA,NA,3,nitrogen oxide,12 Months,1
620,nitrogen dioxide,2023-01,2023-12,96,NA,NA,3,nitrogen oxide,12 Months,1
621,nitrous oxide,2023-01,2023-12,87,NA,NA,3,nitrogen oxide,12 Months,1
622,nitrogen gas,2023-01,2023-12,67,NA,NA,3,nitrogen oxide,12 Months,1
623,nitric oxide,2023-01,2023-12,53,NA,NA,3,nitrogen oxide,12 Months,1
624,sodium oxide,2023-01,2023-12,40,NA,NA,3,nitrogen oxide,12 Months,1
625,magnesium oxide,2023-01,2023-12,37,NA,NA,3,nitrogen oxide,12 Months,1
626,nitrogen monoxide,2023-01,2023-12,36,NA,NA,3,nitrogen oxide,12 Months,1
627,nitrogen dioxide formula,2023-01,2023-12,31,NA,NA,3,nitrogen oxide,12 Months,1
628,potassium oxide,2023-01,2023-12,28,NA,NA,3,nitrogen oxide,12 Months,1
629,ammonia,2023-01,2023-12,27,NA,NA,3,nitrogen oxide,12 Months,1
630,periodic table,2023-01,2023-12,27,NA,NA,3,nitrogen oxide,12 Months,1
631,nitrate,2023-01,2023-12,26,NA,NA,3,nitrogen oxide,12 Months,1
632,copper oxide,2023-01,2023-12,25,NA,NA,3,nitrogen oxide,12 Months,1
633,carbon monoxide,2023-01,2023-12,20,NA,NA,3,nitrogen oxide,12 Months,1
634,sulfur dioxide,2023-01,2023-12,17,NA,NA,3,nitrogen oxide,12 Months,1
635,nitric acid,2023-01,2023-12,17,NA,NA,3,nitrogen oxide,12 Months,1
636,nitrogen monoxide formula,2023-01,2023-12,16,NA,NA,3,nitrogen oxide,12 Months,1
637,no2,2023-01,2023-12,16,NA,NA,3,nitrogen oxide,12 Months,1
638,nitric oxide formula,2023-01,2023-12,15,NA,NA,3,nitrogen oxide,12 Months,1
639,nitrogen oxide symbol,2023-01,2023-12,13,NA,NA,3,nitrogen oxide,12 Months,1
640,liquid nitrogen,2023-01,2023-12,11,NA,NA,3,nitrogen oxide,12 Months,1
641,sodium hydroxide,2023-01,2023-12,10,NA,NA,3,nitrogen oxide,12 Months,1
642,nitrous oxide formula,2023-01,2023-12,10,NA,NA,3,nitrogen oxide,12 Months,1
643,what is nitrogen,2023-01,2023-12,100,NA,NA,3,nitrogen,12 Months,1
644,liquid nitrogen,2023-01,2023-12,79,NA,NA,3,nitrogen,12 Months,1
645,nitrogen gas,2023-01,2023-12,51,NA,NA,3,nitrogen,12 Months,1
646,carbon,2023-01,2023-12,50,NA,NA,3,nitrogen,12 Months,1
647,oxygen,2023-01,2023-12,45,NA,NA,3,nitrogen,12 Months,1
648,nitrogen cycle,2023-01,2023-12,44,NA,NA,3,nitrogen,12 Months,1
649,nitrogen fertilizer,2023-01,2023-12,33,NA,NA,3,nitrogen,12 Months,1
650,hydrogen,2023-01,2023-12,32,NA,NA,3,nitrogen,12 Months,1
651,nitrogen dioxide,2023-01,2023-12,32,NA,NA,3,nitrogen,12 Months,1
652,nitrogen formula,2023-01,2023-12,27,NA,NA,3,nitrogen,12 Months,1
653,periodic table,2023-01,2023-12,26,NA,NA,3,nitrogen,12 Months,1
654,nitrogen periodic table,2023-01,2023-12,26,NA,NA,3,nitrogen,12 Months,1
655,the nitrogen cycle,2023-01,2023-12,23,NA,NA,3,nitrogen,12 Months,1
656,nitrogen mass,2023-01,2023-12,22,NA,NA,3,nitrogen,12 Months,1
657,nitrogen oxide,2023-01,2023-12,21,NA,NA,3,nitrogen,12 Months,1
658,phosphorus,2023-01,2023-12,21,NA,NA,3,nitrogen,12 Months,1
659,nitrogen electrons,2023-01,2023-12,18,NA,NA,3,nitrogen,12 Months,1
660,nitrogen element,2023-01,2023-12,18,NA,NA,3,nitrogen,12 Months,1
661,nitrogen fertiliser,2023-01,2023-12,18,NA,NA,3,nitrogen,12 Months,1
662,mass of nitrogen,2023-01,2023-12,16,NA,NA,3,nitrogen,12 Months,1
663,nitrogen meaning,2023-01,2023-12,16,NA,NA,3,nitrogen,12 Months,1
664,what does nitrogen do,2023-01,2023-12,16,NA,NA,3,nitrogen,12 Months,1
665,ammonia,2023-01,2023-12,16,NA,NA,3,nitrogen,12 Months,1
666,potassium,2023-01,2023-12,15,NA,NA,3,nitrogen,12 Months,1
667,nitrogen for plants,2023-01,2023-12,15,NA,NA,3,nitrogen,12 Months,1
668,what is nitrous oxide,2024-01,2024-08,100,NA,NA,2,nitrous oxide,12 Months,1
669,nitrous oxide gas,2024-01,2024-08,94,NA,NA,2,nitrous oxide,12 Months,1
670,nitrous oxide effects,2024-01,2024-08,44,NA,NA,2,nitrous oxide,12 Months,1
671,nitrous oxide canisters,2024-01,2024-08,38,NA,NA,2,nitrous oxide,12 Months,1
672,nangs,2024-01,2024-08,38,NA,NA,2,nitrous oxide,12 Months,1
673,nitrous oxide use,2024-01,2024-08,37,NA,NA,2,nitrous oxide,12 Months,1
674,nitric oxide,2024-01,2024-08,31,NA,NA,2,nitrous oxide,12 Months,1
675,methane,2024-01,2024-08,29,NA,NA,2,nitrous oxide,12 Months,1
676,nitrous oxide formula,2024-01,2024-08,26,NA,NA,2,nitrous oxide,12 Months,1
677,what is nitrous oxide used for,2024-01,2024-08,23,NA,NA,2,nitrous oxide,12 Months,1
678,nitrous oxide drug,2024-01,2024-08,22,NA,NA,2,nitrous oxide,12 Months,1
679,nitrous oxide greenhouse gas,2024-01,2024-08,22,NA,NA,2,nitrous oxide,12 Months,1
680,nitrous oxide side effects,2024-01,2024-08,22,NA,NA,2,nitrous oxide,12 Months,1
681,nitrous oxide dental,2024-01,2024-08,20,NA,NA,2,nitrous oxide,12 Months,1
682,nitrous oxide laughing gas,2024-01,2024-08,20,NA,NA,2,nitrous oxide,12 Months,1
683,laughing gas,2024-01,2024-08,17,NA,NA,2,nitrous oxide,12 Months,1
684,co2,2024-01,2024-08,17,NA,NA,2,nitrous oxide,12 Months,1
685,what does nitrous oxide do,2024-01,2024-08,16,NA,NA,2,nitrous oxide,12 Months,1
686,greenhouse gases,2024-01,2024-08,15,NA,NA,2,nitrous oxide,12 Months,1
687,effects of nitrous oxide,2024-01,2024-08,14,NA,NA,2,nitrous oxide,12 Months,1
688,nang,2024-01,2024-08,14,NA,NA,2,nitrous oxide,12 Months,1
689,n2o,2024-01,2024-08,13,NA,NA,2,nitrous oxide,12 Months,1
690,nitrous oxide tank,2024-01,2024-08,12,NA,NA,2,nitrous oxide,12 Months,1
691,nos,2024-01,2024-08,12,NA,NA,2,nitrous oxide,12 Months,1
692,nitrous oxide car,2024-01,2024-08,12,NA,NA,2,nitrous oxide,12 Months,1
693,what is nitrous oxide used for,2024-01,2024-08,100,NA,NA,3,what is nitrous oxide,12 Months,1
694,what is the greenhouse effect,2024-01,2024-08,26,NA,NA,3,what is nitrous oxide,12 Months,1
695,is nitrous oxide a greenhouse gas,2024-01,2024-08,24,NA,NA,3,what is nitrous oxide,12 Months,1
696,nitrous oxide formula,2024-01,2024-08,18,NA,NA,3,what is nitrous oxide,12 Months,1
697,how is nitrous oxide produced,2024-01,2024-08,17,NA,NA,3,what is nitrous oxide,12 Months,1
698,is nitrogen a greenhouse gas,2024-01,2024-08,1,NA,NA,3,what is nitrous oxide,12 Months,1
699,how is carbon dioxide produced,2024-01,2024-08,1,NA,NA,3,what is nitrous oxide,12 Months,1
700,nitrous oxide greenhouse gas,2024-01,2024-08,100,NA,NA,3,nitrous oxide gas,12 Months,1
701,laughing gas,2024-01,2024-08,87,NA,NA,3,nitrous oxide gas,12 Months,1
702,nitrous oxide laughing gas,2024-01,2024-08,82,NA,NA,3,nitrous oxide gas,12 Months,1
703,is nitrous oxide a greenhouse gas,2024-01,2024-08,53,NA,NA,3,nitrous oxide gas,12 Months,1
704,is nitrous oxide laughing gas,2024-01,2024-08,33,NA,NA,3,nitrous oxide gas,12 Months,1
705,nitrous oxide canisters,2024-01,2024-08,11,NA,NA,3,nitrous oxide gas,12 Months,1
706,happy gas,2024-01,2024-08,10,NA,NA,3,nitrous oxide gas,12 Months,1
707,is nitrogen a greenhouse gas,2024-01,2024-08,1,NA,NA,3,nitrous oxide gas,12 Months,1
708,nitrous oxide side effects,2024-01,2024-08,100,NA,NA,3,nitrous oxide effects,12 Months,1
709,effects of nitrous oxide,2024-01,2024-08,83,NA,NA,3,nitrous oxide effects,12 Months,1
710,side effects of nitrous oxide,2024-01,2024-08,24,NA,NA,3,nitrous oxide effects,12 Months,1
711,nitrous oxide side effects long-term,2024-01,2024-08,9,NA,NA,3,nitrous oxide effects,12 Months,1
712,nangs,2024-01,2024-08,100,NA,NA,3,nitrous oxide canisters,12 Months,1
713,what are nangs,2024-01,2024-08,100,NA,NA,3,nangs,12 Months,1
714,nangs delivery,2024-01,2024-08,94,NA,NA,3,nangs,12 Months,1
715,what is nangs,2024-01,2024-08,82,NA,NA,3,nangs,12 Months,1
716,nang,2024-01,2024-08,79,NA,NA,3,nangs,12 Months,1
717,nangs meaning,2024-01,2024-08,76,NA,NA,3,nangs,12 Months,1
718,nitrous oxide nangs,2024-01,2024-08,71,NA,NA,3,nangs,12 Months,1
719,nitrous oxide,2024-01,2024-08,66,NA,NA,3,nangs,12 Months,1
720,nangs australia,2024-01,2024-08,65,NA,NA,3,nangs,12 Months,1
721,what do nangs do,2024-01,2024-08,56,NA,NA,3,nangs,12 Months,1
722,nangs drug,2024-01,2024-08,53,NA,NA,3,nangs,12 Months,1
723,nangs near me,2024-01,2024-08,50,NA,NA,3,nangs,12 Months,1
724,nangs melbourne,2024-01,2024-08,48,NA,NA,3,nangs,12 Months,1
725,nangs sydney,2024-01,2024-08,45,NA,NA,3,nangs,12 Months,1
726,buy nangs,2024-01,2024-08,42,NA,NA,3,nangs,12 Months,1
727,nangs side effects,2024-01,2024-08,35,NA,NA,3,nangs,12 Months,1
728,nangs perth,2024-01,2024-08,33,NA,NA,3,nangs,12 Months,1
729,cream chargers,2024-01,2024-08,29,NA,NA,3,nangs,12 Months,1
730,nags,2024-01,2024-08,24,NA,NA,3,nangs,12 Months,1
731,laughing gas,2024-01,2024-08,23,NA,NA,3,nangs,12 Months,1
732,how to do nangs,2024-01,2024-08,17,NA,NA,3,nangs,12 Months,1
733,nang delivery,2024-01,2024-08,17,NA,NA,3,nangs,12 Months,1
734,nanga,2024-01,2024-08,15,NA,NA,3,nangs,12 Months,1
735,all night nangs,2024-01,2024-08,13,NA,NA,3,nangs,12 Months,1
736,nangs delivery brisbane,2024-01,2024-08,13,NA,NA,3,nangs,12 Months,1
737,nangs delivery melbourne,2024-01,2024-08,13,NA,NA,3,nangs,12 Months,1
738,nitric oxide supplements,2024-01,2024-08,100,NA,NA,3,nitric oxide,12 Months,1
739,nitric acid,2024-01,2024-08,53,NA,NA,3,nitric oxide,12 Months,1
740,what is nitric oxide,2024-01,2024-08,51,NA,NA,3,nitric oxide,12 Months,1
741,nitric oxide chemist warehouse,2024-01,2024-08,45,NA,NA,3,nitric oxide,12 Months,1
742,increase nitric oxide,2024-01,2024-08,41,NA,NA,3,nitric oxide,12 Months,1
743,nitric oxide foods,2024-01,2024-08,35,NA,NA,3,nitric oxide,12 Months,1
744,nitrous oxide,2024-01,2024-08,34,NA,NA,3,nitric oxide,12 Months,1
745,nitric oxide supplement,2024-01,2024-08,33,NA,NA,3,nitric oxide,12 Months,1
746,nitric oxide benefits,2024-01,2024-08,30,NA,NA,3,nitric oxide,12 Months,1
747,beetroot nitric oxide,2024-01,2024-08,23,NA,NA,3,nitric oxide,12 Months,1
748,oxide formula,2024-01,2024-08,23,NA,NA,3,nitric oxide,12 Months,1
749,nitric oxide formula,2024-01,2024-08,22,NA,NA,3,nitric oxide,12 Months,1
750,nitrate,2024-01,2024-08,20,NA,NA,3,nitric oxide,12 Months,1
751,nitrate oxide,2024-01,2024-08,19,NA,NA,3,nitric oxide,12 Months,1
752,nitric oxide booster,2024-01,2024-08,19,NA,NA,3,nitric oxide,12 Months,1
753,nitric oxide gas,2024-01,2024-08,18,NA,NA,3,nitric oxide,12 Months,1
754,nitrogen oxide,2024-01,2024-08,18,NA,NA,3,nitric oxide,12 Months,1
755,nitric acid formula,2024-01,2024-08,16,NA,NA,3,nitric oxide,12 Months,1
756,copper oxide,2024-01,2024-08,16,NA,NA,3,nitric oxide,12 Months,1
757,nitric oxide food,2024-01,2024-08,16,NA,NA,3,nitric oxide,12 Months,1
758,nitric oxide lozenges,2024-01,2024-08,14,NA,NA,3,nitric oxide,12 Months,1
759,what does nitric oxide do,2024-01,2024-08,14,NA,NA,3,nitric oxide,12 Months,1
760,magnesium oxide,2024-01,2024-08,13,NA,NA,3,nitric oxide,12 Months,1
761,sulfuric acid,2024-01,2024-08,13,NA,NA,3,nitric oxide,12 Months,1
762,best nitric oxide supplements,2024-01,2024-08,13,NA,NA,3,nitric oxide,12 Months,1
763,methane gas,2024-01,2024-08,100,NA,NA,3,methane,12 Months,1
764,what is methane,2024-01,2024-08,85,NA,NA,3,methane,12 Months,1
765,carbon,2024-01,2024-08,65,NA,NA,3,methane,12 Months,1
766,methane formula,2024-01,2024-08,53,NA,NA,3,methane,12 Months,1
767,hydrogen,2024-01,2024-08,42,NA,NA,3,methane,12 Months,1
768,methane emissions,2024-01,2024-08,40,NA,NA,3,methane,12 Months,1
769,water,2024-01,2024-08,37,NA,NA,3,methane,12 Months,1
770,carbon dioxide,2024-01,2024-08,33,NA,NA,3,methane,12 Months,1
771,combustion,2024-01,2024-08,29,NA,NA,3,methane,12 Months,1
772,co2,2024-01,2024-08,29,NA,NA,3,methane,12 Months,1
773,oxygen,2024-01,2024-08,26,NA,NA,3,methane,12 Months,1
774,combustion of methane,2024-01,2024-08,22,NA,NA,3,methane,12 Months,1
775,formula of methane,2024-01,2024-08,22,NA,NA,3,methane,12 Months,1
776,methane production,2024-01,2024-08,21,NA,NA,3,methane,12 Months,1
777,what is methane gas,2024-01,2024-08,21,NA,NA,3,methane,12 Months,1
778,methane chemical formula,2024-01,2024-08,20,NA,NA,3,methane,12 Months,1
779,is methane a gas,2024-01,2024-08,20,NA,NA,3,methane,12 Months,1
780,ammonia,2024-01,2024-08,17,NA,NA,3,methane,12 Months,1
781,ethane,2024-01,2024-08,17,NA,NA,3,methane,12 Months,1
782,methane meaning,2024-01,2024-08,16,NA,NA,3,methane,12 Months,1
783,nitrogen,2024-01,2024-08,13,NA,NA,3,methane,12 Months,1
784,methane molecule,2024-01,2024-08,13,NA,NA,3,methane,12 Months,1
785,formula for methane,2024-01,2024-08,13,NA,NA,3,methane,12 Months,1
786,what does methane do,2024-01,2024-08,13,NA,NA,3,methane,12 Months,1
787,propane,2024-01,2024-08,13,NA,NA,3,methane,12 Months,1
788,nitrous oxide chemical formula,2024-01,2024-08,100,NA,NA,3,nitrous oxide formula,12 Months,1